"","agency_cd","site_no","Date","Wtemp","Wtemp_cd"
"1","USGS","01036390",2010-01-01,0,"A"
"2","USGS","01036390",2010-01-02,-0.1,"A"
"3","USGS","01036390",2010-01-03,0,"A"
"4","USGS","01036390",2010-01-04,0,"A"
"5","USGS","01036390",2010-01-05,0,"A"
"6","USGS","01036390",2010-01-06,-0.1,"A"
"7","USGS","01036390",2010-01-07,0,"A"
"8","USGS","01036390",2010-01-08,0,"A"
"9","USGS","01036390",2010-01-09,0,"A"
"10","USGS","01036390",2010-01-10,0,"A"
"11","USGS","01036390",2010-01-11,0,"A"
"12","USGS","01036390",2010-01-12,0,"A"
"13","USGS","01036390",2010-01-13,0,"A"
"14","USGS","01036390",2010-01-14,0,"A"
"15","USGS","01036390",2010-01-15,0,"A"
"16","USGS","01036390",2010-01-16,0,"A"
"17","USGS","01036390",2010-01-17,0,"A"
"18","USGS","01036390",2010-01-18,0,"A"
"19","USGS","01036390",2010-01-19,0,"A"
"20","USGS","01036390",2010-01-20,0,"A"
"21","USGS","01036390",2010-01-21,0,"A"
"22","USGS","01036390",2010-01-22,0,"A"
"23","USGS","01036390",2010-01-23,0,"A"
"24","USGS","01036390",2010-01-24,0,"A"
"25","USGS","01036390",2010-01-25,0.1,"A"
"26","USGS","01036390",2010-01-26,0.1,"A"
"27","USGS","01036390",2010-01-27,0,"A"
"28","USGS","01036390",2010-01-28,0,"A"
"29","USGS","01036390",2010-01-29,0,"A"
"30","USGS","01036390",2010-01-30,0,"A"
"31","USGS","01036390",2010-01-31,0,"A"
"32","USGS","01036390",2010-02-01,0,"A"
"33","USGS","01036390",2010-02-02,0,"A"
"34","USGS","01036390",2010-02-03,0,"A"
"35","USGS","01036390",2010-02-04,0,"A"
"36","USGS","01036390",2010-02-05,0,"A"
"37","USGS","01036390",2010-02-06,0,"A"
"38","USGS","01036390",2010-02-07,0,"A"
"39","USGS","01036390",2010-02-08,0,"A"
"40","USGS","01036390",2010-02-09,0,"A"
"41","USGS","01036390",2010-02-10,0,"A"
"42","USGS","01036390",2010-02-11,0.1,"A"
"43","USGS","01036390",2010-02-12,0.1,"A"
"44","USGS","01036390",2010-02-13,0.1,"A"
"45","USGS","01036390",2010-02-14,0,"A"
"46","USGS","01036390",2010-02-15,0.1,"A"
"47","USGS","01036390",2010-02-16,0.1,"A"
"48","USGS","01036390",2010-02-17,0.1,"A"
"49","USGS","01036390",2010-02-18,0.2,"A"
"50","USGS","01036390",2010-02-19,0.2,"A"
"51","USGS","01036390",2010-02-20,0.2,"A"
"52","USGS","01036390",2010-02-21,0.1,"A"
"53","USGS","01036390",2010-02-22,0.2,"A"
"54","USGS","01036390",2010-02-23,0.2,"A"
"55","USGS","01036390",2010-02-24,0.2,"A"
"56","USGS","01036390",2010-02-25,0.2,"A"
"57","USGS","01036390",2010-02-26,0.3,"A"
"58","USGS","01036390",2010-02-27,0.3,"A"
"59","USGS","01036390",2010-02-28,0.2,"A"
"60","USGS","01036390",2010-03-01,0.2,"A"
"61","USGS","01036390",2010-03-02,0.3,"A"
"62","USGS","01036390",2010-03-03,0.2,"A"
"63","USGS","01036390",2010-03-04,0.2,"A"
"64","USGS","01036390",2010-03-05,0.2,"A"
"65","USGS","01036390",2010-03-06,0.4,"A"
"66","USGS","01036390",2010-03-07,0.5,"A"
"67","USGS","01036390",2010-03-08,0.6,"A"
"68","USGS","01036390",2010-03-09,0.4,"A"
"69","USGS","01036390",2010-03-10,0.5,"A"
"70","USGS","01036390",2010-03-11,0.6,"A"
"71","USGS","01036390",2010-03-12,1.4,"A"
"72","USGS","01036390",2010-03-13,2.3,"A"
"73","USGS","01036390",2010-03-14,2.7,"A"
"74","USGS","01036390",2010-03-15,3,"A"
"75","USGS","01036390",2010-03-16,3.3,"A"
"76","USGS","01036390",2010-03-17,3.7,"A"
"77","USGS","01036390",2010-03-18,4.2,"A"
"78","USGS","01036390",2010-03-19,4.4,"A"
"79","USGS","01036390",2010-03-20,4.7,"A"
"80","USGS","01036390",2010-03-21,4.6,"A"
"81","USGS","01036390",2010-03-22,4,"A"
"82","USGS","01036390",2010-03-23,3.7,"A"
"83","USGS","01036390",2010-03-24,3.2,"A"
"84","USGS","01036390",2010-03-25,2.7,"A"
"85","USGS","01036390",2010-03-26,3.1,"A"
"86","USGS","01036390",2010-03-27,2.6,"A"
"87","USGS","01036390",2010-03-28,2.5,"A"
"88","USGS","01036390",2010-03-29,2.7,"A"
"89","USGS","01036390",2010-03-30,3.4,"A"
"90","USGS","01036390",2010-03-31,3.5,"A"
"91","USGS","01036390",2010-04-01,4.1,"A"
"92","USGS","01036390",2010-04-02,4.9,"A"
"93","USGS","01036390",2010-04-03,6.4,"A"
"94","USGS","01036390",2010-04-04,7.6,"A"
"95","USGS","01036390",2010-04-05,8.4,"A"
"96","USGS","01036390",2010-04-06,8.6,"A"
"97","USGS","01036390",2010-04-07,8.9,"A"
"98","USGS","01036390",2010-04-08,9,"A"
"99","USGS","01036390",2010-04-09,8.6,"A"
"100","USGS","01036390",2010-04-10,8,"A"
"101","USGS","01036390",2010-04-11,7.4,"A"
"102","USGS","01036390",2010-04-12,7.2,"A"
"103","USGS","01036390",2010-04-13,7.5,"A"
"104","USGS","01036390",2010-04-14,8.1,"A"
"105","USGS","01036390",2010-04-15,8.4,"A"
"106","USGS","01036390",2010-04-16,8.5,"A"
"107","USGS","01036390",2010-04-17,8.5,"A"
"108","USGS","01036390",2010-04-18,8,"A"
"109","USGS","01036390",2010-04-19,8,"A"
"110","USGS","01036390",2010-04-20,8.5,"A"
"111","USGS","01036390",2010-04-21,9.1,"A"
"112","USGS","01036390",2010-04-22,10,"A"
"113","USGS","01036390",2010-04-23,10.5,"A"
"114","USGS","01036390",2010-04-24,11,"A"
"115","USGS","01036390",2010-04-25,11.5,"A"
"116","USGS","01036390",2010-04-26,12.2,"A"
"117","USGS","01036390",2010-04-27,12,"A"
"118","USGS","01036390",2010-04-28,11.3,"A"
"119","USGS","01036390",2010-04-29,10.8,"A"
"120","USGS","01036390",2010-04-30,11,"A"
"121","USGS","01036390",2010-05-01,11.9,"A"
"122","USGS","01036390",2010-05-02,13.2,"A"
"123","USGS","01036390",2010-05-03,14.4,"A"
"124","USGS","01036390",2010-05-04,15,"A"
"125","USGS","01036390",2010-05-05,15.4,"A"
"126","USGS","01036390",2010-05-06,15.5,"A"
"127","USGS","01036390",2010-05-07,15,"A"
"128","USGS","01036390",2010-05-08,14.3,"A"
"129","USGS","01036390",2010-05-09,13.1,"A"
"130","USGS","01036390",2010-05-10,11.7,"A"
"131","USGS","01036390",2010-05-11,11.1,"A"
"132","USGS","01036390",2010-05-12,11.6,"A"
"133","USGS","01036390",2010-05-13,11.9,"A"
"134","USGS","01036390",2010-05-14,12.8,"A"
"135","USGS","01036390",2010-05-15,13.5,"A"
"136","USGS","01036390",2010-05-16,14,"A"
"137","USGS","01036390",2010-05-17,14.7,"A"
"138","USGS","01036390",2010-05-18,15.7,"A"
"139","USGS","01036390",2010-05-19,15.8,"A"
"140","USGS","01036390",2010-05-20,15.9,"A"
"141","USGS","01036390",2010-05-21,17,"A"
"142","USGS","01036390",2010-05-22,17.4,"A"
"143","USGS","01036390",2010-05-23,18,"A"
"144","USGS","01036390",2010-05-24,19.2,"A"
"145","USGS","01036390",2010-05-25,20.8,"A"
"146","USGS","01036390",2010-05-26,22.5,"A"
"147","USGS","01036390",2010-05-27,22.6,"A"
"148","USGS","01036390",2010-05-28,22,"A"
"149","USGS","01036390",2010-05-29,21.2,"A"
"150","USGS","01036390",2010-05-30,20.8,"A"
"151","USGS","01036390",2010-05-31,20.1,"A"
"152","USGS","01036390",2010-06-01,19.6,"A"
"153","USGS","01036390",2010-06-02,19.6,"A"
"154","USGS","01036390",2010-06-03,19.2,"A"
"155","USGS","01036390",2010-06-04,19,"A"
"156","USGS","01036390",2010-06-05,19.2,"A"
"157","USGS","01036390",2010-06-06,18.6,"A"
"158","USGS","01036390",2010-06-07,17.9,"A"
"159","USGS","01036390",2010-06-08,17.6,"A"
"160","USGS","01036390",2010-06-09,17.6,"A"
"161","USGS","01036390",2010-06-10,17.5,"A"
"162","USGS","01036390",2010-06-11,17.8,"A"
"163","USGS","01036390",2010-06-12,18.7,"A"
"164","USGS","01036390",2010-06-13,19.6,"A"
"165","USGS","01036390",2010-06-14,20.1,"A"
"166","USGS","01036390",2010-06-15,19.7,"A"
"167","USGS","01036390",2010-06-16,19.7,"A"
"168","USGS","01036390",2010-06-17,19.5,"A"
"169","USGS","01036390",2010-06-18,20.3,"A"
"170","USGS","01036390",2010-06-19,21.7,"A"
"171","USGS","01036390",2010-06-20,22.8,"A"
"172","USGS","01036390",2010-06-21,23.6,"A"
"173","USGS","01036390",2010-06-22,24.1,"A"
"174","USGS","01036390",2010-06-23,23.4,"A"
"175","USGS","01036390",2010-06-24,22.9,"A"
"176","USGS","01036390",2010-06-25,22.9,"A"
"177","USGS","01036390",2010-06-26,23.2,"A"
"178","USGS","01036390",2010-06-27,23.4,"A"
"179","USGS","01036390",2010-06-28,23,"A"
"180","USGS","01036390",2010-06-29,22.5,"A"
"181","USGS","01036390",2010-06-30,22.3,"A"
"182","USGS","01036390",2010-07-01,21.6,"A"
"183","USGS","01036390",2010-07-02,21.4,"A"
"184","USGS","01036390",2010-07-03,21.9,"A"
"185","USGS","01036390",2010-07-04,22.8,"A"
"186","USGS","01036390",2010-07-05,24.1,"A"
"187","USGS","01036390",2010-07-06,25.4,"A"
"188","USGS","01036390",2010-07-07,26.6,"A"
"189","USGS","01036390",2010-07-08,26.9,"A"
"190","USGS","01036390",2010-07-09,26.9,"A"
"191","USGS","01036390",2010-07-10,26.5,"A"
"192","USGS","01036390",2010-07-11,26,"A"
"193","USGS","01036390",2010-07-12,25.8,"A"
"194","USGS","01036390",2010-07-13,26.3,"A"
"195","USGS","01036390",2010-07-14,26.5,"A"
"196","USGS","01036390",2010-07-15,27,"A"
"197","USGS","01036390",2010-07-16,27,"A"
"198","USGS","01036390",2010-07-17,27.4,"A"
"199","USGS","01036390",2010-07-18,27.4,"A"
"200","USGS","01036390",2010-07-19,27,"A"
"201","USGS","01036390",2010-07-20,26.3,"A"
"202","USGS","01036390",2010-07-21,26,"A"
"203","USGS","01036390",2010-07-22,26,"A"
"204","USGS","01036390",2010-07-23,25.9,"A"
"205","USGS","01036390",2010-07-24,25.6,"A"
"206","USGS","01036390",2010-07-25,25.2,"A"
"207","USGS","01036390",2010-07-26,24.6,"A"
"208","USGS","01036390",2010-07-27,23.9,"A"
"209","USGS","01036390",2010-07-28,24.1,"A"
"210","USGS","01036390",2010-07-29,24.7,"A"
"211","USGS","01036390",2010-07-30,24.5,"A"
"212","USGS","01036390",2010-07-31,24.3,"A"
"213","USGS","01036390",2010-08-01,24,"A"
"214","USGS","01036390",2010-08-02,23.7,"A"
"215","USGS","01036390",2010-08-03,23.6,"A"
"216","USGS","01036390",2010-08-04,24.1,"A"
"217","USGS","01036390",2010-08-05,24.7,"A"
"218","USGS","01036390",2010-08-06,25.2,"A"
"219","USGS","01036390",2010-08-07,24.5,"A"
"220","USGS","01036390",2010-08-08,23.9,"A"
"221","USGS","01036390",2010-08-09,23.9,"A"
"222","USGS","01036390",2010-08-10,24.4,"A"
"223","USGS","01036390",2010-08-11,24.7,"A"
"224","USGS","01036390",2010-08-12,24.4,"A"
"225","USGS","01036390",2010-08-13,24,"A"
"226","USGS","01036390",2010-08-14,24.2,"A"
"227","USGS","01036390",2010-08-15,24.1,"A"
"228","USGS","01036390",2010-08-16,23.3,"A"
"229","USGS","01036390",2010-08-17,23.4,"A"
"230","USGS","01036390",2010-08-18,23.4,"A"
"231","USGS","01036390",2010-08-19,23.9,"A"
"232","USGS","01036390",2010-08-20,24,"A"
"233","USGS","01036390",2010-08-21,23.8,"A"
"234","USGS","01036390",2010-08-22,23.5,"A"
"235","USGS","01036390",2010-08-23,22.7,"A"
"236","USGS","01036390",2010-08-24,22.4,"A"
"237","USGS","01036390",2010-08-25,21.8,"A"
"238","USGS","01036390",2010-08-26,21.6,"A"
"239","USGS","01036390",2010-08-27,21.7,"A"
"240","USGS","01036390",2010-08-28,21.9,"A"
"241","USGS","01036390",2010-08-29,22.5,"A"
"242","USGS","01036390",2010-08-30,23.5,"A"
"243","USGS","01036390",2010-08-31,24.3,"A"
"244","USGS","01036390",2010-09-01,25.3,"A"
"245","USGS","01036390",2010-09-02,26,"A"
"246","USGS","01036390",2010-09-03,26.6,"A"
"247","USGS","01036390",2010-09-04,26,"A"
"248","USGS","01036390",2010-09-05,24.1,"A"
"249","USGS","01036390",2010-09-06,22.5,"A"
"250","USGS","01036390",2010-09-07,21.6,"A"
"251","USGS","01036390",2010-09-08,21.5,"A"
"252","USGS","01036390",2010-09-09,21.2,"A"
"253","USGS","01036390",2010-09-10,20.6,"A"
"254","USGS","01036390",2010-09-11,20,"A"
"255","USGS","01036390",2010-09-12,19.4,"A"
"256","USGS","01036390",2010-09-13,18.8,"A"
"257","USGS","01036390",2010-09-14,18.4,"A"
"258","USGS","01036390",2010-09-15,18.1,"A"
"259","USGS","01036390",2010-09-16,17.7,"A"
"260","USGS","01036390",2010-09-17,17.4,"A"
"261","USGS","01036390",2010-09-18,17.3,"A"
"262","USGS","01036390",2010-09-19,17.2,"A"
"263","USGS","01036390",2010-09-20,17.1,"A"
"264","USGS","01036390",2010-09-21,16.8,"A"
"265","USGS","01036390",2010-09-22,16.7,"A"
"266","USGS","01036390",2010-09-23,16.9,"A"
"267","USGS","01036390",2010-09-24,16.5,"A"
"268","USGS","01036390",2010-09-25,16.6,"A"
"269","USGS","01036390",2010-09-26,16.3,"A"
"270","USGS","01036390",2010-09-27,15.9,"A"
"271","USGS","01036390",2010-09-28,16.2,"A"
"272","USGS","01036390",2010-09-29,17.4,"A"
"273","USGS","01036390",2010-09-30,18.3,"A"
"274","USGS","01036390",2010-10-01,19.2,"A"
"275","USGS","01036390",2010-10-02,18.9,"A"
"276","USGS","01036390",2010-10-03,17.2,"A"
"277","USGS","01036390",2010-10-04,16.1,"A"
"278","USGS","01036390",2010-10-05,15.6,"A"
"279","USGS","01036390",2010-10-06,15,"A"
"280","USGS","01036390",2010-10-07,14.3,"A"
"281","USGS","01036390",2010-10-08,13.4,"A"
"282","USGS","01036390",2010-10-09,12.9,"A"
"283","USGS","01036390",2010-10-10,11.9,"A"
"284","USGS","01036390",2010-10-11,11.5,"A"
"285","USGS","01036390",2010-10-12,11.5,"A"
"286","USGS","01036390",2010-10-13,11.3,"A"
"287","USGS","01036390",2010-10-14,11.1,"A"
"288","USGS","01036390",2010-10-15,11,"A"
"289","USGS","01036390",2010-10-16,10.7,"A"
"290","USGS","01036390",2010-10-17,10.4,"A"
"291","USGS","01036390",2010-10-18,9.9,"A"
"292","USGS","01036390",2010-10-19,9.2,"A"
"293","USGS","01036390",2010-10-20,8.7,"A"
"294","USGS","01036390",2010-10-21,8.9,"A"
"295","USGS","01036390",2010-10-22,8.6,"A"
"296","USGS","01036390",2010-10-23,7.9,"A"
"297","USGS","01036390",2010-10-24,7.5,"A"
"298","USGS","01036390",2010-10-25,7.6,"A"
"299","USGS","01036390",2010-10-26,8.1,"A"
"300","USGS","01036390",2010-10-27,9,"A"
"301","USGS","01036390",2010-10-28,10,"A"
"302","USGS","01036390",2010-10-29,10,"A"
"303","USGS","01036390",2010-10-30,9.2,"A"
"304","USGS","01036390",2010-10-31,8,"A"
"305","USGS","01036390",2010-11-01,7,"A"
"306","USGS","01036390",2010-11-02,6.9,"A"
"307","USGS","01036390",2010-11-03,6.4,"A"
"308","USGS","01036390",2010-11-04,6.1,"A"
"309","USGS","01036390",2010-11-05,6.3,"A"
"310","USGS","01036390",2010-11-06,6.8,"A"
"311","USGS","01036390",2010-11-07,6.2,"A"
"312","USGS","01036390",2010-11-08,5.6,"A"
"313","USGS","01036390",2010-11-09,6.3,"A"
"314","USGS","01036390",2010-11-10,6.3,"A"
"315","USGS","01036390",2010-11-11,5.8,"A"
"316","USGS","01036390",2010-11-12,5.4,"A"
"317","USGS","01036390",2010-11-13,5.1,"A"
"318","USGS","01036390",2010-11-14,4.9,"A"
"319","USGS","01036390",2010-11-15,4.7,"A"
"320","USGS","01036390",2010-11-16,4.9,"A"
"321","USGS","01036390",2010-11-17,5.5,"A"
"322","USGS","01036390",2010-11-18,5.8,"A"
"323","USGS","01036390",2010-11-19,5.4,"A"
"324","USGS","01036390",2010-11-20,4.4,"A"
"325","USGS","01036390",2010-11-21,3.4,"A"
"326","USGS","01036390",2010-11-22,2.6,"A"
"327","USGS","01036390",2010-11-23,2.4,"A"
"328","USGS","01036390",2010-11-24,2.2,"A"
"329","USGS","01036390",2010-11-25,1.4,"A"
"330","USGS","01036390",2010-11-26,0.8,"A"
"331","USGS","01036390",2010-11-27,0.6,"A"
"332","USGS","01036390",2010-11-28,0.4,"A"
"333","USGS","01036390",2010-11-29,0.7,"A"
"334","USGS","01036390",2010-11-30,0.6,"A"
"335","USGS","01036390",2010-12-01,0.8,"A"
"336","USGS","01036390",2010-12-02,1.7,"A"
"337","USGS","01036390",2010-12-03,1.9,"A"
"338","USGS","01036390",2010-12-04,1.9,"A"
"339","USGS","01036390",2010-12-05,2.1,"A"
"340","USGS","01036390",2010-12-06,1.4,"A"
"341","USGS","01036390",2010-12-07,0.6,"A"
"342","USGS","01036390",2010-12-08,0.1,"A"
"343","USGS","01036390",2010-12-09,-0.1,"A"
"344","USGS","01036390",2010-12-10,-0.1,"A"
"345","USGS","01036390",2010-12-11,0,"A"
"346","USGS","01036390",2010-12-12,0,"A"
"347","USGS","01036390",2010-12-13,1,"A"
"348","USGS","01036390",2010-12-14,0.8,"A"
"349","USGS","01036390",2010-12-15,0.7,"A"
"350","USGS","01036390",2010-12-16,0.2,"A"
"351","USGS","01036390",2010-12-17,0,"A"
"352","USGS","01036390",2010-12-18,-0.1,"A"
"353","USGS","01036390",2010-12-19,-0.1,"A"
"354","USGS","01036390",2010-12-20,-0.1,"A"
"355","USGS","01036390",2010-12-21,0.1,"A"
"356","USGS","01036390",2010-12-22,0.3,"A"
"357","USGS","01036390",2010-12-23,0.1,"A"
"358","USGS","01036390",2010-12-24,0,"A"
"359","USGS","01036390",2010-12-25,-0.1,"A"
"360","USGS","01036390",2010-12-26,-0.1,"A"
"361","USGS","01036390",2010-12-27,-0.1,"A"
"362","USGS","01036390",2010-12-28,-0.1,"A"
"363","USGS","01036390",2010-12-29,-0.1,"A"
"364","USGS","01036390",2010-12-30,-0.1,"A"
"365","USGS","01036390",2010-12-31,0,"A"
"366","USGS","01036390",2011-01-01,0,"A"
"367","USGS","01036390",2011-01-02,0,"A"
"368","USGS","01036390",2011-01-04,-0.1,"A"
"369","USGS","01036390",2011-01-05,-0.1,"A"
"370","USGS","01036390",2011-01-06,-0.1,"A"
"371","USGS","01036390",2011-01-07,-0.1,"A"
"372","USGS","01036390",2011-01-08,-0.1,"A"
"373","USGS","01036390",2011-01-09,-0.1,"A"
"374","USGS","01036390",2011-01-10,-0.1,"A"
"375","USGS","01036390",2011-01-11,-0.1,"A"
"376","USGS","01036390",2011-01-12,-0.1,"A"
"377","USGS","01036390",2011-01-13,-0.1,"A"
"378","USGS","01036390",2011-01-14,-0.1,"A"
"379","USGS","01036390",2011-01-15,-0.1,"A"
"380","USGS","01036390",2011-01-16,-0.1,"A"
"381","USGS","01036390",2011-01-17,-0.1,"A"
"382","USGS","01036390",2011-01-18,-0.1,"A"
"383","USGS","01036390",2011-01-19,-0.1,"A"
"384","USGS","01036390",2011-01-20,-0.1,"A"
"385","USGS","01036390",2011-01-21,-0.1,"A"
"386","USGS","01036390",2011-01-22,-0.1,"A"
"387","USGS","01036390",2011-01-23,-0.1,"A"
"388","USGS","01036390",2011-01-24,-0.1,"A"
"389","USGS","01036390",2011-01-25,-0.1,"A"
"390","USGS","01036390",2011-01-26,-0.1,"A"
"391","USGS","01036390",2011-01-27,-0.1,"A"
"392","USGS","01036390",2011-01-28,-0.1,"A"
"393","USGS","01036390",2011-01-29,-0.1,"A"
"394","USGS","01036390",2011-01-30,-0.1,"A"
"395","USGS","01036390",2011-01-31,-0.1,"A"
"396","USGS","01036390",2011-02-01,-0.1,"A"
"397","USGS","01036390",2011-02-02,-0.1,"A"
"398","USGS","01036390",2011-02-03,-0.1,"A"
"399","USGS","01036390",2011-02-04,-0.1,"A"
"400","USGS","01036390",2011-02-05,-0.1,"A"
"401","USGS","01036390",2011-02-06,-0.1,"A"
"402","USGS","01036390",2011-02-07,-0.1,"A"
"403","USGS","01036390",2011-02-08,-0.1,"A"
"404","USGS","01036390",2011-02-09,-0.1,"A"
"405","USGS","01036390",2011-02-10,-0.1,"A"
"406","USGS","01036390",2011-02-11,-0.1,"A"
"407","USGS","01036390",2011-02-12,-0.1,"A"
"408","USGS","01036390",2011-02-17,0,"A"
"409","USGS","01036390",2011-02-18,0,"A"
"410","USGS","01036390",2011-02-19,-0.1,"A"
"411","USGS","01036390",2011-02-20,-0.1,"A"
"412","USGS","01036390",2011-02-21,-0.1,"A"
"413","USGS","01036390",2011-02-22,-0.1,"A"
"414","USGS","01036390",2011-02-23,-0.1,"A"
"415","USGS","01036390",2011-02-24,-0.1,"A"
"416","USGS","01036390",2011-02-25,-0.1,"A"
"417","USGS","01036390",2011-02-26,-0.1,"A"
"418","USGS","01036390",2011-02-27,-0.1,"A"
"419","USGS","01036390",2011-02-28,-0.1,"A"
"420","USGS","01036390",2011-03-01,-0.1,"A"
"421","USGS","01036390",2011-03-02,-0.1,"A"
"422","USGS","01036390",2011-03-03,-0.1,"A"
"423","USGS","01036390",2011-03-04,-0.1,"A"
"424","USGS","01036390",2011-03-05,0,"A"
"425","USGS","01036390",2011-03-06,0,"A"
"426","USGS","01036390",2011-03-07,0,"A"
"427","USGS","01036390",2011-03-08,-0.1,"A"
"428","USGS","01036390",2011-03-09,0,"A"
"429","USGS","01036390",2011-03-10,0,"A"
"430","USGS","01036390",2011-03-11,0,"A"
"431","USGS","01036390",2011-03-12,0,"A"
"432","USGS","01036390",2011-03-13,0,"A"
"433","USGS","01036390",2011-03-14,0,"A"
"434","USGS","01036390",2011-03-15,0,"A"
"435","USGS","01036390",2011-03-16,0,"A"
"436","USGS","01036390",2011-03-17,0.2,"A"
"437","USGS","01036390",2011-03-18,0.3,"A"
"438","USGS","01036390",2011-03-19,0.2,"A"
"439","USGS","01036390",2011-03-20,0.2,"A"
"440","USGS","01036390",2011-03-21,0.1,"A"
"441","USGS","01036390",2011-03-22,0.2,"A"
"442","USGS","01036390",2011-03-23,0.2,"A"
"443","USGS","01036390",2011-03-24,0.3,"A"
"444","USGS","01036390",2011-03-25,0.3,"A"
"445","USGS","01036390",2011-03-26,0.3,"A"
"446","USGS","01036390",2011-03-27,0.2,"A"
"447","USGS","01036390",2011-03-28,0.4,"A"
"448","USGS","01036390",2011-03-29,0.6,"A"
"449","USGS","01036390",2011-03-30,0.8,"A"
"450","USGS","01036390",2011-03-31,1.3,"A"
"451","USGS","01036390",2011-04-01,1.5,"A"
"452","USGS","01036390",2011-04-02,1.1,"A"
"453","USGS","01036390",2011-04-03,1.8,"A"
"454","USGS","01036390",2011-04-04,2.7,"A"
"455","USGS","01036390",2011-04-05,2.5,"A"
"456","USGS","01036390",2011-04-06,2.4,"A"
"457","USGS","01036390",2011-04-07,3,"A"
"458","USGS","01036390",2011-04-08,3.6,"A"
"459","USGS","01036390",2011-04-09,4.2,"A"
"460","USGS","01036390",2011-04-10,4.9,"A"
"461","USGS","01036390",2011-04-11,5.4,"A"
"462","USGS","01036390",2011-04-12,5.6,"A"
"463","USGS","01036390",2011-04-13,5.2,"A"
"464","USGS","01036390",2011-04-14,4.3,"A"
"465","USGS","01036390",2011-04-15,4.1,"A"
"466","USGS","01036390",2011-04-16,3.8,"A"
"467","USGS","01036390",2011-04-19,4.6,"A"
"468","USGS","01036390",2011-04-20,5.1,"A"
"469","USGS","01036390",2011-04-21,4.7,"A"
"470","USGS","01036390",2011-04-22,4.8,"A"
"471","USGS","01036390",2011-04-23,5,"A"
"472","USGS","01036390",2011-04-24,5.4,"A"
"473","USGS","01036390",2011-04-25,6.5,"A"
"474","USGS","01036390",2011-04-26,7.3,"A"
"475","USGS","01036390",2011-04-27,7.6,"A"
"476","USGS","01036390",2011-04-28,8,"A"
"477","USGS","01036390",2011-04-29,8.6,"A"
"478","USGS","01036390",2011-04-30,8.8,"A"
"479","USGS","01036390",2011-05-01,9.1,"A"
"480","USGS","01036390",2011-05-02,9.6,"A"
"481","USGS","01036390",2011-05-03,10.2,"A"
"482","USGS","01036390",2011-05-04,10.1,"A"
"483","USGS","01036390",2011-05-05,9.3,"A"
"484","USGS","01036390",2011-05-06,8,"A"
"485","USGS","01036390",2011-05-07,8.4,"A"
"486","USGS","01036390",2011-05-08,9.7,"A"
"487","USGS","01036390",2011-05-09,10.2,"A"
"488","USGS","01036390",2011-05-10,10.2,"A"
"489","USGS","01036390",2011-05-11,10.2,"A"
"490","USGS","01036390",2011-05-12,10.7,"A"
"491","USGS","01036390",2011-05-13,11.4,"A"
"492","USGS","01036390",2011-05-14,11.9,"A"
"493","USGS","01036390",2011-05-15,11.5,"A"
"494","USGS","01036390",2011-05-16,10.8,"A"
"495","USGS","01036390",2011-05-17,9.7,"A"
"496","USGS","01036390",2011-05-18,9.6,"A"
"497","USGS","01036390",2011-05-19,10.2,"A"
"498","USGS","01036390",2011-05-20,11.4,"A"
"499","USGS","01036390",2011-05-21,12.2,"A"
"500","USGS","01036390",2011-05-22,12.4,"A"
"501","USGS","01036390",2011-05-23,12.5,"A"
"502","USGS","01036390",2011-05-24,12.1,"A"
"503","USGS","01036390",2011-05-25,13.3,"A"
"504","USGS","01036390",2011-05-26,14.7,"A"
"505","USGS","01036390",2011-05-27,16.1,"A"
"506","USGS","01036390",2011-05-28,16.6,"A"
"507","USGS","01036390",2011-05-29,16.3,"A"
"508","USGS","01036390",2011-05-30,16.6,"A"
"509","USGS","01036390",2011-05-31,16.9,"A"
"510","USGS","01036390",2011-06-01,17.4,"A"
"511","USGS","01036390",2011-06-02,17.4,"A"
"512","USGS","01036390",2011-06-03,16.7,"A"
"513","USGS","01036390",2011-06-04,16.3,"A"
"514","USGS","01036390",2011-06-05,16.7,"A"
"515","USGS","01036390",2011-06-06,17.7,"A"
"516","USGS","01036390",2011-06-07,18.7,"A"
"517","USGS","01036390",2011-06-08,19.4,"A"
"518","USGS","01036390",2011-06-09,20.6,"A"
"519","USGS","01036390",2011-06-10,21.5,"A"
"520","USGS","01036390",2011-06-11,21.3,"A"
"521","USGS","01036390",2011-06-12,20.1,"A"
"522","USGS","01036390",2011-06-13,18.6,"A"
"523","USGS","01036390",2011-06-14,17.7,"A"
"524","USGS","01036390",2011-06-15,17.3,"A"
"525","USGS","01036390",2011-06-16,18.2,"A"
"526","USGS","01036390",2011-06-17,19.6,"A"
"527","USGS","01036390",2011-06-18,20.6,"A"
"528","USGS","01036390",2011-06-19,20.3,"A"
"529","USGS","01036390",2011-06-20,20.2,"A"
"530","USGS","01036390",2011-06-21,20.9,"A"
"531","USGS","01036390",2011-06-22,21.5,"A"
"532","USGS","01036390",2011-06-23,21.8,"A"
"533","USGS","01036390",2011-06-24,21.1,"A"
"534","USGS","01036390",2011-06-25,19.7,"A"
"535","USGS","01036390",2011-06-26,19.1,"A"
"536","USGS","01036390",2011-06-27,20.1,"A"
"537","USGS","01036390",2011-06-28,21.5,"A"
"538","USGS","01036390",2011-06-29,21.8,"A"
"539","USGS","01036390",2011-06-30,21.7,"A"
"540","USGS","01036390",2011-07-01,21.7,"A"
"541","USGS","01036390",2011-07-02,21.9,"A"
"542","USGS","01036390",2011-07-03,22.4,"A"
"543","USGS","01036390",2011-07-04,22.5,"A"
"544","USGS","01036390",2011-07-05,23.2,"A"
"545","USGS","01036390",2011-07-06,23.9,"A"
"546","USGS","01036390",2011-07-07,24.4,"A"
"547","USGS","01036390",2011-07-08,24.2,"A"
"548","USGS","01036390",2011-07-09,24.1,"A"
"549","USGS","01036390",2011-07-10,24,"A"
"550","USGS","01036390",2011-07-11,24.6,"A"
"551","USGS","01036390",2011-07-12,25.5,"A"
"552","USGS","01036390",2011-07-13,26,"A"
"553","USGS","01036390",2011-07-14,25.6,"A"
"554","USGS","01036390",2011-07-15,25,"A"
"555","USGS","01036390",2011-07-16,25.1,"A"
"556","USGS","01036390",2011-07-17,25.6,"A"
"557","USGS","01036390",2011-07-18,26.2,"A"
"558","USGS","01036390",2011-07-19,26.6,"A"
"559","USGS","01036390",2011-07-20,26.1,"A"
"560","USGS","01036390",2011-07-21,25.8,"A"
"561","USGS","01036390",2011-07-22,26.7,"A"
"562","USGS","01036390",2011-07-23,27.1,"A"
"563","USGS","01036390",2011-07-24,26.9,"A"
"564","USGS","01036390",2011-07-25,26,"A"
"565","USGS","01036390",2011-07-26,24.9,"A"
"566","USGS","01036390",2011-07-27,23.9,"A"
"567","USGS","01036390",2011-07-28,23.8,"A"
"568","USGS","01036390",2011-07-29,24,"A"
"569","USGS","01036390",2011-07-30,24.2,"A"
"570","USGS","01036390",2011-07-31,24.5,"A"
"571","USGS","01036390",2011-08-01,25,"A"
"572","USGS","01036390",2011-08-02,24.8,"A"
"573","USGS","01036390",2011-08-03,24.2,"A"
"574","USGS","01036390",2011-08-04,24,"A"
"575","USGS","01036390",2011-08-05,24.3,"A"
"576","USGS","01036390",2011-08-06,24.5,"A"
"577","USGS","01036390",2011-08-07,24.4,"A"
"578","USGS","01036390",2011-08-08,24.1,"A"
"579","USGS","01036390",2011-08-09,24,"A"
"580","USGS","01036390",2011-08-10,23.5,"A"
"581","USGS","01036390",2011-08-11,22.9,"A"
"582","USGS","01036390",2011-08-12,22.8,"A"
"583","USGS","01036390",2011-08-13,23.2,"A"
"584","USGS","01036390",2011-08-14,23.5,"A"
"585","USGS","01036390",2011-08-15,23.8,"A"
"586","USGS","01036390",2011-08-16,23,"A"
"587","USGS","01036390",2011-08-17,22.8,"A"
"588","USGS","01036390",2011-08-18,23.1,"A"
"589","USGS","01036390",2011-08-19,23.7,"A"
"590","USGS","01036390",2011-08-20,24.5,"A"
"591","USGS","01036390",2011-08-21,25,"A"
"592","USGS","01036390",2011-08-22,24.5,"A"
"593","USGS","01036390",2011-08-23,23.2,"A"
"594","USGS","01036390",2011-08-24,22.4,"A"
"595","USGS","01036390",2011-08-25,21.8,"A"
"596","USGS","01036390",2011-08-26,21.8,"A"
"597","USGS","01036390",2011-08-27,22,"A"
"598","USGS","01036390",2011-08-28,22.1,"A"
"599","USGS","01036390",2011-08-29,21.2,"A"
"600","USGS","01036390",2011-08-30,20.6,"A"
"601","USGS","01036390",2011-08-31,20,"A"
"602","USGS","01036390",2011-09-01,20.3,"A"
"603","USGS","01036390",2011-09-02,20.4,"A"
"604","USGS","01036390",2011-09-03,20.4,"A"
"605","USGS","01036390",2011-09-04,20.9,"A"
"606","USGS","01036390",2011-09-05,21.3,"A"
"607","USGS","01036390",2011-09-06,20.8,"A"
"608","USGS","01036390",2011-09-07,19.5,"A"
"609","USGS","01036390",2011-09-08,18.8,"A"
"610","USGS","01036390",2011-09-09,19,"A"
"611","USGS","01036390",2011-09-10,19,"A"
"612","USGS","01036390",2011-09-11,18.8,"A"
"613","USGS","01036390",2011-09-12,18.9,"A"
"614","USGS","01036390",2011-09-13,19.4,"A"
"615","USGS","01036390",2011-09-14,20,"A"
"616","USGS","01036390",2011-09-15,19.9,"A"
"617","USGS","01036390",2011-09-16,18.7,"A"
"618","USGS","01036390",2011-09-17,17.7,"A"
"619","USGS","01036390",2011-09-18,17.4,"A"
"620","USGS","01036390",2011-09-19,17.2,"A"
"621","USGS","01036390",2011-09-20,16.7,"A"
"622","USGS","01036390",2011-09-21,16.7,"A"
"623","USGS","01036390",2011-09-22,17.1,"A"
"624","USGS","01036390",2011-09-23,17.6,"A"
"625","USGS","01036390",2011-09-24,18.2,"A"
"626","USGS","01036390",2011-09-25,18.9,"A"
"627","USGS","01036390",2011-09-26,19.6,"A"
"628","USGS","01036390",2011-09-27,19.8,"A"
"629","USGS","01036390",2011-09-28,19.3,"A"
"630","USGS","01036390",2011-09-29,18.7,"A"
"631","USGS","01036390",2011-09-30,18.6,"A"
"632","USGS","01036390",2011-10-01,18.5,"A"
"633","USGS","01036390",2011-10-02,17,"A"
"634","USGS","01036390",2011-10-03,16.1,"A"
"635","USGS","01036390",2011-10-04,15.8,"A"
"636","USGS","01036390",2011-10-05,14.9,"A"
"637","USGS","01036390",2011-10-06,13.3,"A"
"638","USGS","01036390",2011-10-07,12.5,"A"
"639","USGS","01036390",2011-10-08,12.5,"A"
"640","USGS","01036390",2011-10-09,13.2,"A"
"641","USGS","01036390",2011-10-10,14,"A"
"642","USGS","01036390",2011-10-11,14,"A"
"643","USGS","01036390",2011-10-12,13.5,"A"
"644","USGS","01036390",2011-10-13,13.2,"A"
"645","USGS","01036390",2011-10-14,13.6,"A"
"646","USGS","01036390",2011-10-15,14.4,"A"
"647","USGS","01036390",2011-10-16,13.9,"A"
"648","USGS","01036390",2011-10-17,13.4,"A"
"649","USGS","01036390",2011-10-18,13.2,"A"
"650","USGS","01036390",2011-10-19,12.9,"A"
"651","USGS","01036390",2011-10-20,12.6,"A"
"652","USGS","01036390",2011-10-21,12.3,"A"
"653","USGS","01036390",2011-10-22,12.1,"A"
"654","USGS","01036390",2011-10-23,12,"A"
"655","USGS","01036390",2011-10-24,12.1,"A"
"656","USGS","01036390",2011-10-25,12,"A"
"657","USGS","01036390",2011-10-26,11.2,"A"
"658","USGS","01036390",2011-10-27,10.4,"A"
"659","USGS","01036390",2011-10-28,9.5,"A"
"660","USGS","01036390",2011-10-29,8.4,"A"
"661","USGS","01036390",2011-10-30,7.4,"A"
"662","USGS","01036390",2011-10-31,6.4,"A"
"663","USGS","01036390",2011-11-01,6.6,"A"
"664","USGS","01036390",2011-11-02,6.5,"A"
"665","USGS","01036390",2011-11-03,6.7,"A"
"666","USGS","01036390",2011-11-04,6.9,"A"
"667","USGS","01036390",2011-11-05,6.4,"A"
"668","USGS","01036390",2011-11-06,5.9,"A"
"669","USGS","01036390",2011-11-07,5.6,"A"
"670","USGS","01036390",2011-11-08,5.9,"A"
"671","USGS","01036390",2011-11-09,6.4,"A"
"672","USGS","01036390",2011-11-10,7.1,"A"
"673","USGS","01036390",2011-11-11,7.8,"A"
"674","USGS","01036390",2011-11-12,7,"A"
"675","USGS","01036390",2011-11-13,6.6,"A"
"676","USGS","01036390",2011-11-14,6.8,"A"
"677","USGS","01036390",2011-11-17,7.5,"A"
"678","USGS","01036390",2011-11-18,6.7,"A"
"679","USGS","01036390",2011-11-19,5.8,"A"
"680","USGS","01036390",2011-11-20,5.5,"A"
"681","USGS","01036390",2011-11-21,5.1,"A"
"682","USGS","01036390",2011-11-22,4.2,"A"
"683","USGS","01036390",2011-11-23,3.1,"A"
"684","USGS","01036390",2011-11-24,1.8,"A"
"685","USGS","01036390",2011-11-25,1.9,"A"
"686","USGS","01036390",2011-11-26,2.3,"A"
"687","USGS","01036390",2011-11-27,3.1,"A"
"688","USGS","01036390",2011-11-28,4.1,"A"
"689","USGS","01036390",2011-11-29,4.3,"A"
"690","USGS","01036390",2011-11-30,5.1,"A"
"691","USGS","01036390",2011-12-01,5.1,"A"
"692","USGS","01036390",2011-12-02,4.5,"A"
"693","USGS","01036390",2011-12-03,4,"A"
"694","USGS","01036390",2011-12-04,3.5,"A"
"695","USGS","01036390",2011-12-05,3.8,"A"
"696","USGS","01036390",2011-12-06,3.9,"A"
"697","USGS","01036390",2011-12-07,4.1,"A"
"698","USGS","01036390",2011-12-08,3.6,"A"
"699","USGS","01036390",2011-12-09,2.8,"A"
"700","USGS","01036390",2011-12-10,2.6,"A"
"701","USGS","01036390",2011-12-11,1.8,"A"
"702","USGS","01036390",2011-12-12,1.3,"A"
"703","USGS","01036390",2011-12-13,0.9,"A"
"704","USGS","01036390",2011-12-14,1.1,"A"
"705","USGS","01036390",2011-12-15,1.3,"A"
"706","USGS","01036390",2011-12-16,2.1,"A"
"707","USGS","01036390",2011-12-17,1.8,"A"
"708","USGS","01036390",2011-12-18,0.5,"A"
"709","USGS","01036390",2011-12-19,0,"A"
"710","USGS","01036390",2011-12-20,0,"A"
"711","USGS","01036390",2011-12-21,0,"A"
"712","USGS","01036390",2011-12-22,0,"A"
"713","USGS","01036390",2011-12-23,0,"A"
"714","USGS","01036390",2011-12-24,0,"A"
"715","USGS","01036390",2011-12-25,0,"A"
"716","USGS","01036390",2011-12-26,0,"A"
"717","USGS","01036390",2011-12-27,0,"A"
"718","USGS","01036390",2011-12-28,0.1,"A"
"719","USGS","01036390",2011-12-29,0,"A"
"720","USGS","01036390",2011-12-30,0,"A"
"721","USGS","01036390",2011-12-31,0,"A"
"722","USGS","01036390",2012-01-01,0,"A"
"723","USGS","01036390",2012-01-02,0.1,"A"
"724","USGS","01036390",2012-01-03,0,"A"
"725","USGS","01036390",2012-01-04,0,"A"
"726","USGS","01036390",2012-01-05,0,"A"
"727","USGS","01036390",2012-01-06,0,"A"
"728","USGS","01036390",2012-01-07,0,"A"
"729","USGS","01036390",2012-01-08,0,"A"
"730","USGS","01036390",2012-01-09,0,"A"
"731","USGS","01036390",2012-01-10,0,"A"
"732","USGS","01036390",2012-01-11,0,"A"
"733","USGS","01036390",2012-01-12,0,"A"
"734","USGS","01036390",2012-01-13,0,"A"
"735","USGS","01036390",2012-01-14,0,"A"
"736","USGS","01036390",2012-01-15,0,"A"
"737","USGS","01036390",2012-01-16,0,"A"
"738","USGS","01036390",2012-01-17,0,"A"
"739","USGS","01036390",2012-01-18,0,"A"
"740","USGS","01036390",2012-01-19,0,"A"
"741","USGS","01036390",2012-01-20,0,"A"
"742","USGS","01036390",2012-01-21,0,"A"
"743","USGS","01036390",2012-01-22,0,"A"
"744","USGS","01036390",2012-01-23,0,"A"
"745","USGS","01036390",2012-01-24,0,"A"
"746","USGS","01036390",2012-01-25,0,"A"
"747","USGS","01036390",2012-01-26,0,"A"
"748","USGS","01036390",2012-01-27,0,"A"
"749","USGS","01036390",2012-01-28,0,"A"
"750","USGS","01036390",2012-01-29,0,"A"
"751","USGS","01036390",2012-01-30,0,"A"
"752","USGS","01036390",2012-01-31,0,"A"
"753","USGS","01036390",2012-02-01,0,"A"
"754","USGS","01036390",2012-02-02,0,"A"
"755","USGS","01036390",2012-02-03,0,"A"
"756","USGS","01036390",2012-02-04,0,"A"
"757","USGS","01036390",2012-02-05,0,"A"
"758","USGS","01036390",2012-02-06,0,"A"
"759","USGS","01036390",2012-02-07,0,"A"
"760","USGS","01036390",2012-02-08,0,"A"
"761","USGS","01036390",2012-02-09,0,"A"
"762","USGS","01036390",2012-02-10,0.1,"A"
"763","USGS","01036390",2012-02-11,0,"A"
"764","USGS","01036390",2012-02-12,0,"A"
"765","USGS","01036390",2012-02-13,0,"A"
"766","USGS","01036390",2012-02-14,0,"A"
"767","USGS","01036390",2012-02-15,0,"A"
"768","USGS","01036390",2012-02-16,0.1,"A"
"769","USGS","01036390",2012-02-17,0.1,"A"
"770","USGS","01036390",2012-02-18,0.1,"A"
"771","USGS","01036390",2012-02-19,0.1,"A"
"772","USGS","01036390",2012-02-20,0.1,"A"
"773","USGS","01036390",2012-02-21,0.1,"A"
"774","USGS","01036390",2012-02-22,0.1,"A"
"775","USGS","01036390",2012-02-23,0.1,"A"
"776","USGS","01036390",2012-02-24,0.1,"A"
"777","USGS","01036390",2012-02-25,0.1,"A"
"778","USGS","01036390",2012-02-26,0,"A"
"779","USGS","01036390",2012-02-27,0,"A"
"780","USGS","01036390",2012-02-28,0,"A"
"781","USGS","01036390",2012-02-29,0,"A"
"782","USGS","01036390",2012-03-01,0,"A"
"783","USGS","01036390",2012-03-02,0,"A"
"784","USGS","01036390",2012-03-03,0,"A"
"785","USGS","01036390",2012-03-04,0.1,"A"
"786","USGS","01036390",2012-03-05,0,"A"
"787","USGS","01036390",2012-03-06,0,"A"
"788","USGS","01036390",2012-03-07,0.1,"A"
"789","USGS","01036390",2012-03-08,0.5,"A"
"790","USGS","01036390",2012-03-09,0.5,"A"
"791","USGS","01036390",2012-03-10,0.3,"A"
"792","USGS","01036390",2012-03-11,0.3,"A"
"793","USGS","01036390",2012-03-12,0.5,"A"
"794","USGS","01036390",2012-03-13,0.5,"A"
"795","USGS","01036390",2012-03-14,0.3,"A"
"796","USGS","01036390",2012-03-15,0.2,"A"
"797","USGS","01036390",2012-03-16,0.3,"A"
"798","USGS","01036390",2012-03-17,0.6,"A"
"799","USGS","01036390",2012-03-18,0.8,"A"
"800","USGS","01036390",2012-03-19,0.7,"A"
"801","USGS","01036390",2012-03-20,0.8,"A"
"802","USGS","01036390",2012-03-21,2.1,"A"
"803","USGS","01036390",2012-03-22,3.3,"A"
"804","USGS","01036390",2012-03-23,4,"A"
"805","USGS","01036390",2012-03-24,4.2,"A"
"806","USGS","01036390",2012-03-25,3.9,"A"
"807","USGS","01036390",2012-03-26,3.4,"A"
"808","USGS","01036390",2012-03-27,2.6,"A"
"809","USGS","01036390",2012-03-28,2.4,"A"
"810","USGS","01036390",2012-03-29,2.1,"A"
"811","USGS","01036390",2012-03-30,2.4,"A"
"812","USGS","01036390",2012-03-31,2.9,"A"
"813","USGS","01036390",2012-04-01,3.6,"A"
"814","USGS","01036390",2012-04-02,4.6,"A"
"815","USGS","01036390",2012-04-03,5.1,"A"
"816","USGS","01036390",2012-04-04,5.7,"A"
"817","USGS","01036390",2012-04-05,5.7,"A"
"818","USGS","01036390",2012-04-06,5.3,"A"
"819","USGS","01036390",2012-04-07,5.8,"A"
"820","USGS","01036390",2012-04-08,5.7,"A"
"821","USGS","01036390",2012-04-09,5.5,"A"
"822","USGS","01036390",2012-04-10,6,"A"
"823","USGS","01036390",2012-04-11,6.5,"A"
"824","USGS","01036390",2012-04-12,7.5,"A"
"825","USGS","01036390",2012-04-13,8,"A"
"826","USGS","01036390",2012-04-14,8.6,"A"
"827","USGS","01036390",2012-04-15,9.6,"A"
"828","USGS","01036390",2012-04-16,10.8,"A"
"829","USGS","01036390",2012-04-17,12.4,"A"
"830","USGS","01036390",2012-04-18,13.1,"A"
"831","USGS","01036390",2012-04-19,13.4,"A"
"832","USGS","01036390",2012-04-20,13.6,"A"
"833","USGS","01036390",2012-04-21,13.5,"A"
"834","USGS","01036390",2012-04-22,12.7,"A"
"835","USGS","01036390",2012-04-23,11,"A"
"836","USGS","01036390",2012-04-24,10.4,"A"
"837","USGS","01036390",2012-04-25,9.6,"A"
"838","USGS","01036390",2012-04-26,9.6,"A"
"839","USGS","01036390",2012-04-27,9.9,"A"
"840","USGS","01036390",2012-04-28,9.1,"A"
"841","USGS","01036390",2012-04-29,8.9,"A"
"842","USGS","01036390",2012-04-30,9,"A"
"843","USGS","01036390",2012-05-01,9.2,"A"
"844","USGS","01036390",2012-05-02,8.9,"A"
"845","USGS","01036390",2012-05-03,9.3,"A"
"846","USGS","01036390",2012-05-04,9.7,"A"
"847","USGS","01036390",2012-05-05,10.2,"A"
"848","USGS","01036390",2012-05-06,10.8,"A"
"849","USGS","01036390",2012-05-07,11.9,"A"
"850","USGS","01036390",2012-05-08,12.4,"A"
"851","USGS","01036390",2012-05-09,12,"A"
"852","USGS","01036390",2012-05-10,12,"A"
"853","USGS","01036390",2012-05-11,12,"A"
"854","USGS","01036390",2012-05-12,12.1,"A"
"855","USGS","01036390",2012-05-13,12.8,"A"
"856","USGS","01036390",2012-05-14,12.8,"A"
"857","USGS","01036390",2012-05-15,13.6,"A"
"858","USGS","01036390",2012-05-16,13.9,"A"
"859","USGS","01036390",2012-05-17,14.3,"A"
"860","USGS","01036390",2012-05-18,14.8,"A"
"861","USGS","01036390",2012-05-19,15.7,"A"
"862","USGS","01036390",2012-05-20,17,"A"
"863","USGS","01036390",2012-05-21,18.3,"A"
"864","USGS","01036390",2012-05-22,18.9,"A"
"865","USGS","01036390",2012-05-23,19.4,"A"
"866","USGS","01036390",2012-05-24,19.8,"A"
"867","USGS","01036390",2012-05-25,19.5,"A"
"868","USGS","01036390",2012-05-26,19,"A"
"869","USGS","01036390",2012-05-27,19.6,"A"
"870","USGS","01036390",2012-05-28,20,"A"
"871","USGS","01036390",2012-05-29,19.1,"A"
"872","USGS","01036390",2012-05-30,17.7,"A"
"873","USGS","01036390",2012-05-31,18.2,"A"
"874","USGS","01036390",2012-06-01,18.7,"A"
"875","USGS","01036390",2012-06-02,19.3,"A"
"876","USGS","01036390",2012-06-03,18.1,"A"
"877","USGS","01036390",2012-06-04,16.3,"A"
"878","USGS","01036390",2012-06-05,15,"A"
"879","USGS","01036390",2012-06-06,14.7,"A"
"880","USGS","01036390",2012-06-07,15.4,"A"
"881","USGS","01036390",2012-06-08,15.8,"A"
"882","USGS","01036390",2012-06-09,16.7,"A"
"883","USGS","01036390",2012-06-10,17.8,"A"
"884","USGS","01036390",2012-06-11,19,"A"
"885","USGS","01036390",2012-06-12,19.7,"A"
"886","USGS","01036390",2012-06-13,19.7,"A"
"887","USGS","01036390",2012-06-14,19.5,"A"
"888","USGS","01036390",2012-06-15,20,"A"
"889","USGS","01036390",2012-06-16,20.5,"A"
"890","USGS","01036390",2012-06-17,20.4,"A"
"891","USGS","01036390",2012-06-18,20.7,"A"
"892","USGS","01036390",2012-06-19,20.4,"A"
"893","USGS","01036390",2012-06-20,20.8,"A"
"894","USGS","01036390",2012-06-21,22.2,"A"
"895","USGS","01036390",2012-06-22,23.2,"A"
"896","USGS","01036390",2012-06-23,23.5,"A"
"897","USGS","01036390",2012-06-24,22.8,"A"
"898","USGS","01036390",2012-06-25,21.8,"A"
"899","USGS","01036390",2012-06-26,20.5,"A"
"900","USGS","01036390",2012-06-27,18.3,"A"
"901","USGS","01036390",2012-06-28,18.1,"A"
"902","USGS","01036390",2012-06-29,18.3,"A"
"903","USGS","01036390",2012-06-30,19.5,"A"
"904","USGS","01036390",2012-07-01,20.8,"A"
"905","USGS","01036390",2012-07-02,21.6,"A"
"906","USGS","01036390",2012-07-03,22.3,"A"
"907","USGS","01036390",2012-07-04,22.6,"A"
"908","USGS","01036390",2012-07-05,22.5,"A"
"909","USGS","01036390",2012-07-06,23,"A"
"910","USGS","01036390",2012-07-07,24.2,"A"
"911","USGS","01036390",2012-07-08,24.4,"A"
"912","USGS","01036390",2012-07-09,24,"A"
"913","USGS","01036390",2012-07-10,23.6,"A"
"914","USGS","01036390",2012-07-11,23.8,"A"
"915","USGS","01036390",2012-07-12,24.5,"A"
"916","USGS","01036390",2012-07-13,25,"A"
"917","USGS","01036390",2012-07-14,25.7,"A"
"918","USGS","01036390",2012-07-15,26.4,"A"
"919","USGS","01036390",2012-07-16,27,"A"
"920","USGS","01036390",2012-07-17,26.8,"A"
"921","USGS","01036390",2012-07-18,26.2,"A"
"922","USGS","01036390",2012-07-19,25.4,"A"
"923","USGS","01036390",2012-07-20,24.5,"A"
"924","USGS","01036390",2012-07-21,24.8,"A"
"925","USGS","01036390",2012-07-22,25,"A"
"926","USGS","01036390",2012-07-23,25.2,"A"
"927","USGS","01036390",2012-07-24,25.2,"A"
"928","USGS","01036390",2012-07-25,24.7,"A"
"929","USGS","01036390",2012-07-26,24.3,"A"
"930","USGS","01036390",2012-07-27,24.3,"A"
"931","USGS","01036390",2012-07-28,24.8,"A"
"932","USGS","01036390",2012-07-29,24.9,"A"
"933","USGS","01036390",2012-07-30,24.8,"A"
"934","USGS","01036390",2012-07-31,25,"A"
"935","USGS","01036390",2012-08-01,25,"A"
"936","USGS","01036390",2012-08-02,25,"A"
"937","USGS","01036390",2012-08-03,25.1,"A"
"938","USGS","01036390",2012-08-04,26,"A"
"939","USGS","01036390",2012-08-05,26.3,"A"
"940","USGS","01036390",2012-08-06,26.5,"A"
"941","USGS","01036390",2012-08-07,26.2,"A"
"942","USGS","01036390",2012-08-08,26.2,"A"
"943","USGS","01036390",2012-08-09,26.5,"A"
"944","USGS","01036390",2012-08-10,26.4,"A"
"945","USGS","01036390",2012-08-11,25.6,"A"
"946","USGS","01036390",2012-08-12,24.8,"A"
"947","USGS","01036390",2012-08-13,24.7,"A"
"948","USGS","01036390",2012-08-14,25.3,"A"
"949","USGS","01036390",2012-08-15,25.8,"A"
"950","USGS","01036390",2012-08-16,25.2,"A"
"951","USGS","01036390",2012-08-17,24.4,"A"
"952","USGS","01036390",2012-08-18,24,"A"
"953","USGS","01036390",2012-08-19,23.9,"A"
"954","USGS","01036390",2012-08-20,24.2,"A"
"955","USGS","01036390",2012-08-21,24,"A"
"956","USGS","01036390",2012-08-22,23.8,"A"
"957","USGS","01036390",2012-08-23,23.9,"A"
"958","USGS","01036390",2012-08-24,24.2,"A"
"959","USGS","01036390",2012-08-25,24.2,"A"
"960","USGS","01036390",2012-08-26,24.3,"A"
"961","USGS","01036390",2012-08-27,24.4,"A"
"962","USGS","01036390",2012-08-28,24.5,"A"
"963","USGS","01036390",2012-08-29,23.7,"A"
"964","USGS","01036390",2012-08-30,23.2,"A"
"965","USGS","01036390",2012-08-31,22.4,"A"
"966","USGS","01036390",2012-09-01,22.2,"A"
"967","USGS","01036390",2012-09-02,21.6,"A"
"968","USGS","01036390",2012-09-03,21.1,"A"
"969","USGS","01036390",2012-09-04,21.1,"A"
"970","USGS","01036390",2012-09-05,20.5,"A"
"971","USGS","01036390",2012-09-06,20.4,"A"
"972","USGS","01036390",2012-09-07,20.8,"A"
"973","USGS","01036390",2012-09-08,21.2,"A"
"974","USGS","01036390",2012-09-09,21.3,"A"
"975","USGS","01036390",2012-09-10,20.7,"A"
"976","USGS","01036390",2012-09-11,19.8,"A"
"977","USGS","01036390",2012-09-12,19.5,"A"
"978","USGS","01036390",2012-09-13,19.8,"A"
"979","USGS","01036390",2012-09-14,20.3,"A"
"980","USGS","01036390",2012-09-15,20.6,"A"
"981","USGS","01036390",2012-09-16,19.8,"A"
"982","USGS","01036390",2012-09-17,19,"A"
"983","USGS","01036390",2012-09-18,18.9,"A"
"984","USGS","01036390",2012-09-19,18.8,"A"
"985","USGS","01036390",2012-09-20,18.3,"A"
"986","USGS","01036390",2012-09-21,17.7,"A"
"987","USGS","01036390",2012-09-22,17.5,"A"
"988","USGS","01036390",2012-09-23,17.8,"A"
"989","USGS","01036390",2012-09-24,17.5,"A"
"990","USGS","01036390",2012-09-25,17.2,"A"
"991","USGS","01036390",2012-09-26,16.8,"A"
"992","USGS","01036390",2012-09-27,16.5,"A"
"993","USGS","01036390",2012-09-28,16,"A"
"994","USGS","01036390",2012-09-29,15.5,"A"
"995","USGS","01036390",2012-09-30,15.1,"A"
"996","USGS","01036390",2012-10-01,14.7,"A"
"997","USGS","01036390",2012-10-02,14.8,"A"
"998","USGS","01036390",2012-10-03,15.4,"A"
"999","USGS","01036390",2012-10-04,15.8,"A"
"1000","USGS","01036390",2012-10-05,15.6,"A"
"1001","USGS","01036390",2012-10-06,15.9,"A"
"1002","USGS","01036390",2012-10-07,15.6,"A"
"1003","USGS","01036390",2012-10-08,14.8,"A"
"1004","USGS","01036390",2012-10-09,13.8,"A"
"1005","USGS","01036390",2012-10-10,13,"A"
"1006","USGS","01036390",2012-10-11,12.4,"A"
"1007","USGS","01036390",2012-10-12,11.5,"A"
"1008","USGS","01036390",2012-10-13,10.2,"A"
"1009","USGS","01036390",2012-10-14,9.4,"A"
"1010","USGS","01036390",2012-10-15,9.5,"A"
"1011","USGS","01036390",2012-10-16,10.1,"A"
"1012","USGS","01036390",2012-10-17,9.6,"A"
"1013","USGS","01036390",2012-10-18,9.4,"A"
"1014","USGS","01036390",2012-10-19,9.6,"A"
"1015","USGS","01036390",2012-10-20,10.8,"A"
"1016","USGS","01036390",2012-10-21,11.6,"A"
"1017","USGS","01036390",2012-10-22,11.5,"A"
"1018","USGS","01036390",2012-10-23,11,"A"
"1019","USGS","01036390",2012-10-24,10.5,"A"
"1020","USGS","01036390",2012-10-25,9.8,"A"
"1021","USGS","01036390",2012-10-26,9.3,"A"
"1022","USGS","01036390",2012-10-27,9.2,"A"
"1023","USGS","01036390",2012-10-28,9.4,"A"
"1024","USGS","01036390",2012-10-29,9.8,"A"
"1025","USGS","01036390",2012-10-30,10.9,"A"
"1026","USGS","01036390",2012-10-31,12.2,"A"
"1027","USGS","01036390",2012-11-01,12.3,"A"
"1028","USGS","01036390",2012-11-02,11.9,"A"
"1029","USGS","01036390",2012-11-03,11.4,"A"
"1030","USGS","01036390",2012-11-04,10.5,"A"
"1031","USGS","01036390",2012-11-05,9.4,"A"
"1032","USGS","01036390",2012-11-06,8,"A"
"1033","USGS","01036390",2012-11-07,6.7,"A"
"1034","USGS","01036390",2012-11-08,5.5,"A"
"1035","USGS","01036390",2012-11-09,5,"A"
"1036","USGS","01036390",2012-11-10,4.8,"A"
"1037","USGS","01036390",2012-11-11,4.2,"A"
"1038","USGS","01036390",2012-11-12,4.3,"A"
"1039","USGS","01036390",2012-11-13,5.6,"A"
"1040","USGS","01036390",2012-11-14,5.5,"A"
"1041","USGS","01036390",2012-11-15,4.6,"A"
"1042","USGS","01036390",2012-11-16,4.5,"A"
"1043","USGS","01036390",2012-11-17,4.2,"A"
"1044","USGS","01036390",2012-11-18,3.6,"A"
"1045","USGS","01036390",2012-11-19,3.1,"A"
"1046","USGS","01036390",2012-11-20,2.7,"A"
"1047","USGS","01036390",2012-11-21,2.7,"A"
"1048","USGS","01036390",2012-11-22,2.7,"A"
"1049","USGS","01036390",2012-11-23,2.9,"A"
"1050","USGS","01036390",2012-11-24,3.5,"A"
"1051","USGS","01036390",2012-11-25,2.9,"A"
"1052","USGS","01036390",2012-11-26,2,"A"
"1053","USGS","01036390",2012-11-27,1.2,"A"
"1054","USGS","01036390",2012-11-28,0.8,"A"
"1055","USGS","01036390",2012-11-29,0.4,"A"
"1056","USGS","01036390",2012-11-30,0,"A"
"1057","USGS","01036390",2012-12-01,-0.1,"A"
"1058","USGS","01036390",2012-12-02,0.1,"A"
"1059","USGS","01036390",2012-12-03,0.5,"A"
"1060","USGS","01036390",2012-12-04,0.6,"A"
"1061","USGS","01036390",2012-12-05,1.9,"A"
"1062","USGS","01036390",2012-12-06,1.9,"A"
"1063","USGS","01036390",2012-12-07,1.1,"A"
"1064","USGS","01036390",2012-12-08,0.8,"A"
"1065","USGS","01036390",2012-12-09,1.1,"A"
"1066","USGS","01036390",2012-12-10,0.9,"A"
"1067","USGS","01036390",2012-12-11,0.8,"A"
"1068","USGS","01036390",2012-12-12,0.1,"A"
"1069","USGS","01036390",2012-12-13,0,"A"
"1070","USGS","01036390",2012-12-14,0.1,"A"
"1071","USGS","01036390",2012-12-15,-0.1,"A"
"1072","USGS","01036390",2012-12-16,-0.1,"A"
"1073","USGS","01036390",2012-12-17,-0.1,"A"
"1074","USGS","01036390",2012-12-18,0,"A"
"1075","USGS","01036390",2012-12-19,0,"A"
"1076","USGS","01036390",2012-12-20,0.1,"A"
"1077","USGS","01036390",2012-12-21,0.2,"A"
"1078","USGS","01036390",2012-12-22,0.3,"A"
"1079","USGS","01036390",2012-12-23,-0.1,"A"
"1080","USGS","01036390",2012-12-24,-0.1,"A"
"1081","USGS","01036390",2012-12-25,-0.1,"A"
"1082","USGS","01036390",2012-12-26,-0.1,"A"
"1083","USGS","01036390",2012-12-27,-0.1,"A"
"1084","USGS","01036390",2012-12-28,-0.1,"A"
"1085","USGS","01036390",2012-12-29,-0.1,"A"
"1086","USGS","01036390",2012-12-30,-0.1,"A"
"1087","USGS","01036390",2012-12-31,-0.1,"A"
"1088","USGS","01036390",2013-01-01,-0.1,"A"
"1089","USGS","01036390",2013-01-02,-0.1,"A"
"1090","USGS","01036390",2013-01-03,-0.1,"A"
"1091","USGS","01036390",2013-01-04,-0.1,"A"
"1092","USGS","01036390",2013-01-05,-0.1,"A"
"1093","USGS","01036390",2013-01-06,-0.1,"A"
"1094","USGS","01036390",2013-01-07,-0.1,"A"
"1095","USGS","01036390",2013-01-08,-0.1,"A"
"1096","USGS","01036390",2013-01-09,-0.1,"A"
"1097","USGS","01036390",2013-01-10,-0.1,"A"
"1098","USGS","01036390",2013-01-11,-0.1,"A"
"1099","USGS","01036390",2013-01-12,0,"A"
"1100","USGS","01036390",2013-01-13,0,"A"
"1101","USGS","01036390",2013-01-14,0,"A"
"1102","USGS","01036390",2013-01-15,0,"A"
"1103","USGS","01036390",2013-01-16,0,"A"
"1104","USGS","01036390",2013-01-17,0,"A"
"1105","USGS","01036390",2013-01-18,0,"A"
"1106","USGS","01036390",2013-01-19,0,"A"
"1107","USGS","01036390",2013-01-20,0,"A"
"1108","USGS","01036390",2013-01-21,0,"A"
"1109","USGS","01036390",2013-01-22,0,"A"
"1110","USGS","01036390",2013-01-23,0,"A"
"1111","USGS","01036390",2013-01-24,0,"A"
"1112","USGS","01036390",2013-01-25,0,"A"
"1113","USGS","01036390",2013-01-26,0,"A"
"1114","USGS","01036390",2013-02-14,-0.1,"A"
"1115","USGS","01036390",2013-02-15,-0.1,"A"
"1116","USGS","01036390",2013-02-16,-0.1,"A"
"1117","USGS","01036390",2013-02-17,-0.1,"A"
"1118","USGS","01036390",2013-02-18,-0.1,"A"
"1119","USGS","01036390",2013-02-19,-0.1,"A"
"1120","USGS","01036390",2013-02-20,0,"A"
"1121","USGS","01036390",2013-02-21,-0.1,"A"
"1122","USGS","01036390",2013-02-22,-0.1,"A"
"1123","USGS","01036390",2013-02-23,-0.1,"A"
"1124","USGS","01036390",2013-02-24,-0.1,"A"
"1125","USGS","01036390",2013-02-25,-0.1,"A"
"1126","USGS","01036390",2013-02-26,-0.1,"A"
"1127","USGS","01036390",2013-02-27,0,"A"
"1128","USGS","01036390",2013-02-28,0,"A"
"1129","USGS","01036390",2013-03-01,0,"A"
"1130","USGS","01036390",2013-03-02,0,"A"
"1131","USGS","01036390",2013-03-03,0,"A"
"1132","USGS","01036390",2013-03-04,0,"A"
"1133","USGS","01036390",2013-03-05,0.1,"A"
"1134","USGS","01036390",2013-03-06,0.1,"A"
"1135","USGS","01036390",2013-03-07,0.1,"A"
"1136","USGS","01036390",2013-03-08,0.2,"A"
"1137","USGS","01036390",2013-03-09,0.2,"A"
"1138","USGS","01036390",2013-03-10,0.2,"A"
"1139","USGS","01036390",2013-03-11,0.4,"A"
"1140","USGS","01036390",2013-03-12,0.4,"A"
"1141","USGS","01036390",2013-03-13,0.4,"A"
"1142","USGS","01036390",2013-03-14,0.1,"A"
"1143","USGS","01036390",2013-03-15,0.1,"A"
"1144","USGS","01036390",2013-03-16,0.1,"A"
"1145","USGS","01036390",2013-03-17,0,"A"
"1146","USGS","01036390",2013-03-18,0.1,"A"
"1147","USGS","01036390",2013-03-19,0,"A"
"1148","USGS","01036390",2013-03-20,0.1,"A"
"1149","USGS","01036390",2013-03-21,0.3,"A"
"1150","USGS","01036390",2013-03-22,0.3,"A"
"1151","USGS","01036390",2013-03-23,0.2,"A"
"1152","USGS","01036390",2013-03-24,0.4,"A"
"1153","USGS","01036390",2013-03-25,0.4,"A"
"1154","USGS","01036390",2013-03-26,0.7,"A"
"1155","USGS","01036390",2013-03-27,1.1,"A"
"1156","USGS","01036390",2013-03-28,1.7,"A"
"1157","USGS","01036390",2013-03-29,2.4,"A"
"1158","USGS","01036390",2013-03-30,3,"A"
"1159","USGS","01036390",2013-03-31,3.5,"A"
"1160","USGS","01036390",2013-04-01,3.5,"A"
"1161","USGS","01036390",2013-04-02,2.7,"A"
"1162","USGS","01036390",2013-04-03,2,"A"
"1163","USGS","01036390",2013-04-04,2,"A"
"1164","USGS","01036390",2013-04-05,2.9,"A"
"1165","USGS","01036390",2013-04-06,3.4,"A"
"1166","USGS","01036390",2013-04-07,3.2,"A"
"1167","USGS","01036390",2013-04-08,3.6,"A"
"1168","USGS","01036390",2013-04-09,3.9,"A"
"1169","USGS","01036390",2013-04-10,3.8,"A"
"1170","USGS","01036390",2013-04-11,4.3,"A"
"1171","USGS","01036390",2013-04-12,4.1,"A"
"1172","USGS","01036390",2013-04-13,3.7,"A"
"1173","USGS","01036390",2013-04-14,4.1,"A"
"1174","USGS","01036390",2013-04-15,4.7,"A"
"1175","USGS","01036390",2013-04-16,5.5,"A"
"1176","USGS","01036390",2013-04-19,6.6,"A"
"1177","USGS","01036390",2013-04-20,7.9,"A"
"1178","USGS","01036390",2013-04-21,7.4,"A"
"1179","USGS","01036390",2013-04-22,7.2,"A"
"1180","USGS","01036390",2013-04-23,6.8,"A"
"1181","USGS","01036390",2013-04-24,7,"A"
"1182","USGS","01036390",2013-04-25,7.8,"A"
"1183","USGS","01036390",2013-04-26,8.7,"A"
"1184","USGS","01036390",2013-04-27,9.5,"A"
"1185","USGS","01036390",2013-04-28,10.4,"A"
"1186","USGS","01036390",2013-04-29,11.1,"A"
"1187","USGS","01036390",2013-04-30,11.9,"A"
"1188","USGS","01036390",2013-05-01,12.8,"A"
"1189","USGS","01036390",2013-05-02,13.3,"A"
"1190","USGS","01036390",2013-05-03,13.7,"A"
"1191","USGS","01036390",2013-05-04,14.2,"A"
"1192","USGS","01036390",2013-05-05,14.7,"A"
"1193","USGS","01036390",2013-05-06,15,"A"
"1194","USGS","01036390",2013-05-07,15.6,"A"
"1195","USGS","01036390",2013-05-08,16.8,"A"
"1196","USGS","01036390",2013-05-09,17.5,"A"
"1197","USGS","01036390",2013-05-10,17.5,"A"
"1198","USGS","01036390",2013-05-11,17.5,"A"
"1199","USGS","01036390",2013-05-12,16.4,"A"
"1200","USGS","01036390",2013-05-13,15.7,"A"
"1201","USGS","01036390",2013-05-14,15,"A"
"1202","USGS","01036390",2013-05-15,14.4,"A"
"1203","USGS","01036390",2013-05-16,14.8,"A"
"1204","USGS","01036390",2013-05-17,14.8,"A"
"1205","USGS","01036390",2013-05-18,14.7,"A"
"1206","USGS","01036390",2013-05-19,15.2,"A"
"1207","USGS","01036390",2013-05-20,15.4,"A"
"1208","USGS","01036390",2013-05-21,15.2,"A"
"1209","USGS","01036390",2013-05-22,14.7,"A"
"1210","USGS","01036390",2013-05-23,14.6,"A"
"1211","USGS","01036390",2013-05-24,15.3,"A"
"1212","USGS","01036390",2013-05-25,14.3,"A"
"1213","USGS","01036390",2013-05-26,12.7,"A"
"1214","USGS","01036390",2013-05-27,11.8,"A"
"1215","USGS","01036390",2013-05-28,11.7,"A"
"1216","USGS","01036390",2013-05-29,12.6,"A"
"1217","USGS","01036390",2013-05-30,13.6,"A"
"1218","USGS","01036390",2013-05-31,15.4,"A"
"1219","USGS","01036390",2013-06-01,17.4,"A"
"1220","USGS","01036390",2013-06-02,19.2,"A"
"1221","USGS","01036390",2013-06-03,20.5,"A"
"1222","USGS","01036390",2013-06-04,20.4,"A"
"1223","USGS","01036390",2013-06-05,19.7,"A"
"1224","USGS","01036390",2013-06-06,19.2,"A"
"1225","USGS","01036390",2013-06-07,18.8,"A"
"1226","USGS","01036390",2013-06-08,18,"A"
"1227","USGS","01036390",2013-06-09,17.7,"A"
"1228","USGS","01036390",2013-06-10,17.9,"A"
"1229","USGS","01036390",2013-06-11,17.7,"A"
"1230","USGS","01036390",2013-06-12,16.8,"A"
"1231","USGS","01036390",2013-06-13,16.5,"A"
"1232","USGS","01036390",2013-06-14,16.3,"A"
"1233","USGS","01036390",2013-06-15,16.6,"A"
"1234","USGS","01036390",2013-06-16,17.5,"A"
"1235","USGS","01036390",2013-06-17,18.3,"A"
"1236","USGS","01036390",2013-06-18,18.7,"A"
"1237","USGS","01036390",2013-06-19,18.8,"A"
"1238","USGS","01036390",2013-06-20,19.2,"A"
"1239","USGS","01036390",2013-06-21,19.7,"A"
"1240","USGS","01036390",2013-06-22,19.9,"A"
"1241","USGS","01036390",2013-06-23,19.7,"A"
"1242","USGS","01036390",2013-06-24,20.6,"A"
"1243","USGS","01036390",2013-06-25,22,"A"
"1244","USGS","01036390",2013-06-26,22.4,"A"
"1245","USGS","01036390",2013-06-27,21.2,"A"
"1246","USGS","01036390",2013-06-28,19.9,"A"
"1247","USGS","01036390",2013-06-29,19.4,"A"
"1248","USGS","01036390",2013-06-30,19.9,"A"
"1249","USGS","01036390",2013-07-01,20.3,"A"
"1250","USGS","01036390",2013-07-02,19.8,"A"
"1251","USGS","01036390",2013-07-03,20,"A"
"1252","USGS","01036390",2013-07-04,21.8,"A"
"1253","USGS","01036390",2013-07-05,23.2,"A"
"1254","USGS","01036390",2013-07-06,24.1,"A"
"1255","USGS","01036390",2013-07-07,24.8,"A"
"1256","USGS","01036390",2013-07-08,25.1,"A"
"1257","USGS","01036390",2013-07-09,24.7,"A"
"1258","USGS","01036390",2013-07-10,24.4,"A"
"1259","USGS","01036390",2013-07-11,23.9,"A"
"1260","USGS","01036390",2013-07-12,24.1,"A"
"1261","USGS","01036390",2013-07-13,24.5,"A"
"1262","USGS","01036390",2013-07-14,25.3,"A"
"1263","USGS","01036390",2013-07-15,26.5,"A"
"1264","USGS","01036390",2013-07-16,27.4,"A"
"1265","USGS","01036390",2013-07-17,27.5,"A"
"1266","USGS","01036390",2013-07-18,27.3,"A"
"1267","USGS","01036390",2013-07-19,27,"A"
"1268","USGS","01036390",2013-07-20,26.8,"A"
"1269","USGS","01036390",2013-07-21,25.7,"A"
"1270","USGS","01036390",2013-07-22,24.5,"A"
"1271","USGS","01036390",2013-07-23,23.6,"A"
"1272","USGS","01036390",2013-07-24,23.1,"A"
"1273","USGS","01036390",2013-07-25,22.9,"A"
"1274","USGS","01036390",2013-07-26,22.7,"A"
"1275","USGS","01036390",2013-07-27,22,"A"
"1276","USGS","01036390",2013-07-28,22.5,"A"
"1277","USGS","01036390",2013-07-29,22.3,"A"
"1278","USGS","01036390",2013-07-30,22.2,"A"
"1279","USGS","01036390",2013-07-31,22.5,"A"
"1280","USGS","01036390",2013-08-01,23.1,"A"
"1281","USGS","01036390",2013-08-02,22.9,"A"
"1282","USGS","01036390",2013-08-03,22.3,"A"
"1283","USGS","01036390",2013-08-04,22.3,"A"
"1284","USGS","01036390",2013-08-05,22,"A"
"1285","USGS","01036390",2013-08-06,21.5,"A"
"1286","USGS","01036390",2013-08-07,21.8,"A"
"1287","USGS","01036390",2013-08-08,21.5,"A"
"1288","USGS","01036390",2013-08-09,20.9,"A"
"1289","USGS","01036390",2013-08-10,21.1,"A"
"1290","USGS","01036390",2013-08-11,21.1,"A"
"1291","USGS","01036390",2013-08-12,21.3,"A"
"1292","USGS","01036390",2013-08-13,21.2,"A"
"1293","USGS","01036390",2013-08-14,21.2,"A"
"1294","USGS","01036390",2013-08-15,20.8,"A"
"1295","USGS","01036390",2013-08-16,21.3,"A"
"1296","USGS","01036390",2013-08-17,21.7,"A"
"1297","USGS","01036390",2013-08-18,21.8,"A"
"1298","USGS","01036390",2013-08-19,21.9,"A"
"1299","USGS","01036390",2013-08-20,22.6,"A"
"1300","USGS","01036390",2013-08-21,23.3,"A"
"1301","USGS","01036390",2013-08-22,24.1,"A"
"1302","USGS","01036390",2013-08-23,24.4,"A"
"1303","USGS","01036390",2013-08-24,23.4,"A"
"1304","USGS","01036390",2013-08-25,23.1,"A"
"1305","USGS","01036390",2013-08-26,22.6,"A"
"1306","USGS","01036390",2013-08-27,22.7,"A"
"1307","USGS","01036390",2013-08-28,23.7,"A"
"1308","USGS","01036390",2013-08-29,23,"A"
"1309","USGS","01036390",2013-08-30,22.1,"A"
"1310","USGS","01036390",2013-08-31,22.4,"A"
"1311","USGS","01036390",2013-09-01,22.6,"A"
"1312","USGS","01036390",2013-09-02,22.4,"A"
"1313","USGS","01036390",2013-09-03,21.6,"A"
"1314","USGS","01036390",2013-09-04,21.5,"A"
"1315","USGS","01036390",2013-09-05,20.8,"A"
"1316","USGS","01036390",2013-09-06,19.4,"A"
"1317","USGS","01036390",2013-09-07,18.7,"A"
"1318","USGS","01036390",2013-09-08,18.5,"A"
"1319","USGS","01036390",2013-09-09,17.6,"A"
"1320","USGS","01036390",2013-09-10,17.5,"A"
"1321","USGS","01036390",2013-09-11,18.2,"A"
"1322","USGS","01036390",2013-09-12,19.5,"A"
"1323","USGS","01036390",2013-09-13,19.7,"A"
"1324","USGS","01036390",2013-09-14,19.5,"A"
"1325","USGS","01036390",2013-09-15,18.9,"A"
"1326","USGS","01036390",2013-09-16,18.1,"A"
"1327","USGS","01036390",2013-09-17,16.8,"A"
"1328","USGS","01036390",2013-09-18,16.4,"A"
"1329","USGS","01036390",2013-09-19,16.7,"A"
"1330","USGS","01036390",2013-09-20,17,"A"
"1331","USGS","01036390",2013-09-21,17.4,"A"
"1332","USGS","01036390",2013-09-22,17.8,"A"
"1333","USGS","01036390",2013-09-23,17.1,"A"
"1334","USGS","01036390",2013-09-24,16,"A"
"1335","USGS","01036390",2013-09-25,15,"A"
"1336","USGS","01036390",2013-09-26,14.7,"A"
"1337","USGS","01036390",2013-09-27,15,"A"
"1338","USGS","01036390",2013-09-28,15.4,"A"
"1339","USGS","01036390",2013-09-29,15.8,"A"
"1340","USGS","01036390",2013-09-30,15.8,"A"
"1341","USGS","01036390",2013-10-01,15.9,"A"
"1342","USGS","01036390",2013-10-02,16.2,"A"
"1343","USGS","01036390",2013-10-03,16.3,"A"
"1344","USGS","01036390",2013-10-04,16.3,"A"
"1345","USGS","01036390",2013-10-05,15.9,"A"
"1346","USGS","01036390",2013-10-06,15.5,"A"
"1347","USGS","01036390",2013-10-07,15.1,"A"
"1348","USGS","01036390",2013-10-08,15.4,"A"
"1349","USGS","01036390",2013-10-09,14.6,"A"
"1350","USGS","01036390",2013-10-10,14.3,"A"
"1351","USGS","01036390",2013-10-11,14.3,"A"
"1352","USGS","01036390",2013-10-12,14.4,"A"
"1353","USGS","01036390",2013-10-13,14,"A"
"1354","USGS","01036390",2013-10-14,13.8,"A"
"1355","USGS","01036390",2013-10-15,14.2,"A"
"1356","USGS","01036390",2013-10-16,14.4,"A"
"1357","USGS","01036390",2013-10-17,14.6,"A"
"1358","USGS","01036390",2013-10-18,14.6,"A"
"1359","USGS","01036390",2013-10-19,13.9,"A"
"1360","USGS","01036390",2013-10-20,13.7,"A"
"1361","USGS","01036390",2013-10-21,12.8,"A"
"1362","USGS","01036390",2013-10-22,12.6,"A"
"1363","USGS","01036390",2013-10-23,12.3,"A"
"1364","USGS","01036390",2013-10-24,11.3,"A"
"1365","USGS","01036390",2013-10-25,10.3,"A"
"1366","USGS","01036390",2013-10-26,9.4,"A"
"1367","USGS","01036390",2013-10-27,9,"A"
"1368","USGS","01036390",2013-10-28,8.4,"A"
"1369","USGS","01036390",2013-10-29,7.1,"A"
"1370","USGS","01036390",2013-10-30,6.4,"A"
"1371","USGS","01036390",2013-10-31,6.1,"A"
"1372","USGS","01036390",2013-11-01,7.8,"A"
"1373","USGS","01036390",2013-11-02,8.8,"A"
"1374","USGS","01036390",2013-11-03,8.6,"A"
"1375","USGS","01036390",2013-11-04,7.3,"A"
"1376","USGS","01036390",2013-11-05,6.1,"A"
"1377","USGS","01036390",2013-11-06,5.9,"A"
"1378","USGS","01036390",2013-11-07,6.8,"A"
"1379","USGS","01036390",2013-11-08,6.5,"A"
"1380","USGS","01036390",2013-11-09,5.9,"A"
"1381","USGS","01036390",2013-11-10,5,"A"
"1382","USGS","01036390",2013-11-11,4.7,"A"
"1383","USGS","01036390",2013-11-12,4.1,"A"
"1384","USGS","01036390",2013-11-13,3,"A"
"1385","USGS","01036390",2013-11-14,2.8,"A"
"1386","USGS","01036390",2013-11-15,2.9,"A"
"1387","USGS","01036390",2013-11-16,2.9,"A"
"1388","USGS","01036390",2013-11-17,3.1,"A"
"1389","USGS","01036390",2013-11-18,4.4,"A"
"1390","USGS","01036390",2013-11-19,4.4,"A"
"1391","USGS","01036390",2013-11-20,3.1,"A"
"1392","USGS","01036390",2013-11-21,2.4,"A"
"1393","USGS","01036390",2013-11-22,2.1,"A"
"1394","USGS","01036390",2013-11-23,2,"A"
"1395","USGS","01036390",2013-11-24,0.9,"A"
"1396","USGS","01036390",2013-11-25,0.1,"A"
"1397","USGS","01036390",2013-11-26,0.2,"A"
"1398","USGS","01036390",2013-11-27,1.1,"A"
"1399","USGS","01036390",2013-11-28,1.2,"A"
"1400","USGS","01036390",2013-11-29,0.2,"A"
"1401","USGS","01036390",2013-11-30,0.2,"A"
"1402","USGS","01036390",2013-12-01,0.2,"A"
"1403","USGS","01036390",2013-12-02,0.2,"A"
"1404","USGS","01036390",2013-12-03,0.4,"A"
"1405","USGS","01036390",2013-12-04,0.4,"A"
"1406","USGS","01036390",2013-12-05,0.3,"A"
"1407","USGS","01036390",2013-12-06,0.8,"A"
"1408","USGS","01036390",2013-12-07,0.8,"A"
"1409","USGS","01036390",2013-12-08,0.3,"A"
"1410","USGS","01036390",2013-12-09,0.3,"A"
"1411","USGS","01036390",2013-12-10,0.4,"A"
"1412","USGS","01036390",2013-12-11,0.4,"A"
"1413","USGS","01036390",2013-12-12,0.4,"A"
"1414","USGS","01036390",2013-12-13,0.4,"A"
"1415","USGS","01036390",2013-12-14,0.3,"A"
"1416","USGS","01036390",2013-12-15,0.3,"A"
"1417","USGS","01036390",2013-12-16,0.3,"A"
"1418","USGS","01036390",2013-12-17,0.2,"A"
"1419","USGS","01036390",2013-12-18,0.2,"A"
"1420","USGS","01036390",2013-12-19,0.2,"A"
"1421","USGS","01036390",2013-12-20,0.2,"A"
"1422","USGS","01036390",2013-12-21,0.2,"A"
"1423","USGS","01036390",2013-12-22,0.2,"A"
"1424","USGS","01036390",2013-12-23,0.2,"A"
"1425","USGS","01036390",2013-12-24,0.2,"A"
"1426","USGS","01036390",2013-12-25,0.2,"A"
"1427","USGS","01036390",2013-12-26,0.2,"A"
"1428","USGS","01036390",2013-12-27,0.2,"A"
"1429","USGS","01036390",2013-12-28,0.2,"A"
"1430","USGS","01036390",2014-02-02,0.3,"A"
"1431","USGS","01036390",2014-02-03,0.2,"A"
"1432","USGS","01036390",2014-02-04,0.2,"A"
"1433","USGS","01036390",2014-02-05,0.1,"A"
"1434","USGS","01036390",2014-02-06,0.1,"A"
"1435","USGS","01036390",2014-02-07,0.1,"A"
"1436","USGS","01036390",2014-02-08,0.1,"A"
"1437","USGS","01036390",2014-02-09,0.1,"A"
"1438","USGS","01036390",2014-02-10,0.1,"A"
"1439","USGS","01036390",2014-02-11,0.1,"A"
"1440","USGS","01036390",2014-02-12,0.1,"A"
"1441","USGS","01036390",2014-02-13,0.1,"A"
"1442","USGS","01036390",2014-02-14,0.1,"A"
"1443","USGS","01036390",2014-02-15,0.1,"A"
"1444","USGS","01036390",2014-02-16,0.2,"A"
"1445","USGS","01036390",2014-02-17,0.1,"A"
"1446","USGS","01036390",2014-02-18,0.1,"A"
"1447","USGS","01036390",2014-02-19,0.2,"A"
"1448","USGS","01036390",2014-02-20,0.3,"A"
"1449","USGS","01036390",2014-02-21,0.2,"A"
"1450","USGS","01036390",2014-02-22,0.5,"A"
"1451","USGS","01036390",2014-02-23,0.2,"A"
"1452","USGS","01036390",2014-02-24,0.2,"A"
"1453","USGS","01036390",2014-02-25,0.1,"A"
"1454","USGS","01036390",2014-02-26,0.1,"A"
"1455","USGS","01036390",2014-02-27,0.1,"A"
"1456","USGS","01036390",2014-02-28,0.1,"A"
"1457","USGS","01036390",2014-03-01,0,"A"
"1458","USGS","01036390",2014-03-02,0.1,"A"
"1459","USGS","01036390",2014-03-03,0.1,"A"
"1460","USGS","01036390",2014-03-04,0.1,"A"
"1461","USGS","01036390",2014-03-05,0.1,"A"
"1462","USGS","01036390",2014-03-06,0.1,"A"
"1463","USGS","01036390",2014-03-07,0.2,"A"
"1464","USGS","01036390",2014-03-08,0.3,"A"
"1465","USGS","01036390",2014-03-09,0.3,"A"
"1466","USGS","01036390",2014-03-10,0.3,"A"
"1467","USGS","01036390",2014-03-11,0.2,"A"
"1468","USGS","01036390",2014-03-12,0.1,"A"
"1469","USGS","01036390",2014-03-13,0,"A"
"1470","USGS","01036390",2014-03-14,0.2,"A"
"1471","USGS","01036390",2014-03-15,0.4,"A"
"1472","USGS","01036390",2014-03-16,0.3,"A"
"1473","USGS","01036390",2014-03-17,0.2,"A"
"1474","USGS","01036390",2014-03-18,0.4,"A"
"1475","USGS","01036390",2014-03-19,0.4,"A"
"1476","USGS","01036390",2014-03-20,0.4,"A"
"1477","USGS","01036390",2014-03-21,0.5,"A"
"1478","USGS","01036390",2014-03-22,0.3,"A"
"1479","USGS","01036390",2014-03-23,0.5,"A"
"1480","USGS","01036390",2014-03-24,0.3,"A"
"1481","USGS","01036390",2014-03-25,0.3,"A"
"1482","USGS","01036390",2014-03-26,0.1,"A"
"1483","USGS","01036390",2014-03-27,0.3,"A"
"1484","USGS","01036390",2014-03-28,0.4,"A"
"1485","USGS","01036390",2014-03-29,1.1,"A"
"1486","USGS","01036390",2014-03-30,0.4,"A"
"1487","USGS","01036390",2014-03-31,0.3,"A"
"1488","USGS","01036390",2014-04-01,0.7,"A"
"1489","USGS","01036390",2014-04-02,0.7,"A"
"1490","USGS","01036390",2014-04-03,0.7,"A"
"1491","USGS","01036390",2014-04-04,0.9,"A"
"1492","USGS","01036390",2014-04-05,0.5,"A"
"1493","USGS","01036390",2014-04-06,0.8,"A"
"1494","USGS","01036390",2014-04-07,0.8,"A"
"1495","USGS","01036390",2014-04-08,0.6,"A"
"1496","USGS","01036390",2014-04-09,0.7,"A"
"1497","USGS","01036390",2014-04-10,0.6,"A"
"1498","USGS","01036390",2014-04-11,0.8,"A"
"1499","USGS","01036390",2014-04-12,0.8,"A"
"1500","USGS","01036390",2014-04-13,0.6,"A"
"1501","USGS","01036390",2014-04-14,0.9,"A"
"1502","USGS","01036390",2014-04-15,1.2,"A"
"1503","USGS","01036390",2014-04-16,0.8,"A"
"1504","USGS","01036390",2014-04-17,0.9,"A"
"1505","USGS","01036390",2014-07-26,25,"A"
"1506","USGS","01036390",2014-07-27,24.4,"A"
"1507","USGS","01036390",2014-07-28,23.7,"A"
"1508","USGS","01036390",2014-07-29,23.3,"A"
"1509","USGS","01036390",2014-07-30,23.4,"A"
"1510","USGS","01036390",2014-07-31,23.5,"A"
"1511","USGS","01036390",2014-08-01,23.7,"A"
"1512","USGS","01036390",2014-08-02,23.7,"A"
"1513","USGS","01036390",2014-08-03,23.6,"A"
"1514","USGS","01036390",2014-08-04,24.2,"A"
"1515","USGS","01036390",2014-08-05,24.9,"A"
"1516","USGS","01036390",2014-08-06,24.8,"A"
"1517","USGS","01036390",2014-08-07,24.1,"A"
"1518","USGS","01036390",2014-08-08,23.6,"A"
"1519","USGS","01036390",2014-08-09,23.8,"A"
"1520","USGS","01036390",2014-08-10,24.2,"A"
"1521","USGS","01036390",2014-08-11,24.5,"A"
"1522","USGS","01036390",2014-08-12,24.5,"A"
"1523","USGS","01036390",2014-08-13,23.6,"A"
"1524","USGS","01036390",2014-08-14,22.4,"A"
"1525","USGS","01036390",2014-08-15,21.8,"A"
"1526","USGS","01036390",2014-08-16,21.5,"A"
"1527","USGS","01036390",2014-08-17,21.1,"A"
"1528","USGS","01036390",2014-08-18,20.9,"A"
"1529","USGS","01036390",2014-08-19,21.2,"A"
"1530","USGS","01036390",2014-08-20,21.9,"A"
"1531","USGS","01036390",2014-08-21,22.4,"A"
"1532","USGS","01036390",2014-08-22,22.8,"A"
"1533","USGS","01036390",2014-08-23,23.1,"A"
"1534","USGS","01036390",2014-08-24,23.1,"A"
"1535","USGS","01036390",2014-08-25,23.8,"A"
"1536","USGS","01036390",2014-08-26,24.4,"A"
"1537","USGS","01036390",2014-08-27,24.6,"A"
"1538","USGS","01036390",2014-08-28,24.4,"A"
"1539","USGS","01036390",2014-08-29,23.2,"A"
"1540","USGS","01036390",2014-08-30,21.9,"A"
"1541","USGS","01036390",2014-08-31,21.7,"A"
"1542","USGS","01036390",2014-09-01,22.5,"A"
"1543","USGS","01036390",2014-09-02,22.8,"A"
"1544","USGS","01036390",2014-09-03,23.2,"A"
"1545","USGS","01036390",2014-09-04,23.1,"A"
"1546","USGS","01036390",2014-09-05,23.5,"A"
"1547","USGS","01036390",2014-09-06,23.9,"A"
"1548","USGS","01036390",2014-09-07,23.5,"A"
"1549","USGS","01036390",2014-09-08,22.6,"A"
"1550","USGS","01036390",2014-09-09,21.6,"A"
"1551","USGS","01036390",2014-09-10,21.1,"A"
"1552","USGS","01036390",2014-09-11,20.3,"A"
"1553","USGS","01036390",2014-09-12,19.8,"A"
"1554","USGS","01036390",2014-09-13,18.5,"A"
"1555","USGS","01036390",2014-09-14,18.1,"A"
"1556","USGS","01036390",2014-09-15,17.2,"A"
"1557","USGS","01036390",2014-09-16,16.8,"A"
"1558","USGS","01036390",2014-09-17,17.1,"A"
"1559","USGS","01036390",2014-09-18,17,"A"
"1560","USGS","01036390",2014-09-19,16.2,"A"
"1561","USGS","01036390",2014-09-20,15,"A"
"1562","USGS","01036390",2014-09-21,15.5,"A"
"1563","USGS","01036390",2014-09-22,16.4,"A"
"1564","USGS","01036390",2014-09-23,16,"A"
"1565","USGS","01036390",2014-09-24,15.6,"A"
"1566","USGS","01036390",2014-09-25,15.8,"A"
"1567","USGS","01036390",2014-09-26,16.1,"A"
"1568","USGS","01036390",2014-09-27,17.1,"A"
"1569","USGS","01036390",2014-09-28,17.9,"A"
"1570","USGS","01036390",2014-09-29,17.8,"A"
"1571","USGS","01036390",2014-09-30,17.1,"A"
"1572","USGS","01036390",2014-10-01,16.1,"A"
"1573","USGS","01036390",2014-10-02,16.1,"A"
"1574","USGS","01036390",2014-10-03,15.8,"A"
"1575","USGS","01036390",2014-10-04,16,"A"
"1576","USGS","01036390",2014-10-05,16.6,"A"
"1577","USGS","01036390",2014-10-06,16,"A"
"1578","USGS","01036390",2014-10-07,15.3,"A"
"1579","USGS","01036390",2014-10-08,15.4,"A"
"1580","USGS","01036390",2014-10-09,14.8,"A"
"1581","USGS","01036390",2014-10-10,13.9,"A"
"1582","USGS","01036390",2014-10-11,13,"A"
"1583","USGS","01036390",2014-10-12,12.4,"A"
"1584","USGS","01036390",2014-10-13,12.3,"A"
"1585","USGS","01036390",2014-10-14,12.9,"A"
"1586","USGS","01036390",2014-10-15,14,"A"
"1587","USGS","01036390",2014-10-16,14.8,"A"
"1588","USGS","01036390",2014-10-17,15.6,"A"
"1589","USGS","01036390",2014-10-18,15.6,"A"
"1590","USGS","01036390",2014-10-19,14.5,"A"
"1591","USGS","01036390",2014-10-20,12.9,"A"
"1592","USGS","01036390",2014-10-21,12.1,"A"
"1593","USGS","01036390",2014-10-22,11.4,"A"
"1594","USGS","01036390",2014-10-23,10.7,"A"
"1595","USGS","01036390",2014-10-24,10.1,"A"
"1596","USGS","01036390",2014-10-25,9.7,"A"
"1597","USGS","01036390",2014-10-26,9.7,"A"
"1598","USGS","01036390",2014-10-27,9.2,"A"
"1599","USGS","01036390",2014-10-28,9,"A"
"1600","USGS","01036390",2014-10-29,9.2,"A"
"1601","USGS","01036390",2014-10-30,9.3,"A"
"1602","USGS","01036390",2014-10-31,9.1,"A"
"1603","USGS","01036390",2014-11-01,8.7,"A"
"1604","USGS","01036390",2014-11-02,6.7,"A"
"1605","USGS","01036390",2014-11-03,4.9,"A"
"1606","USGS","01036390",2014-11-04,4.7,"A"
"1607","USGS","01036390",2014-11-05,5.1,"A"
"1608","USGS","01036390",2014-11-06,4.7,"A"
"1609","USGS","01036390",2014-11-07,4.6,"A"
"1610","USGS","01036390",2014-11-08,4.1,"A"
"1611","USGS","01036390",2014-11-09,4.1,"A"
"1612","USGS","01036390",2014-11-10,4,"A"
"1613","USGS","01036390",2014-11-11,4.1,"A"
"1614","USGS","01036390",2014-11-12,4.7,"A"
"1615","USGS","01036390",2014-11-13,4.7,"A"
"1616","USGS","01036390",2014-11-14,4.3,"A"
"1617","USGS","01036390",2014-11-15,3.5,"A"
"1618","USGS","01036390",2014-11-16,2.9,"A"
"1619","USGS","01036390",2014-11-17,2.7,"A"
"1620","USGS","01036390",2014-11-18,2.5,"A"
"1621","USGS","01036390",2014-11-19,1.5,"A"
"1622","USGS","01036390",2014-11-20,1.1,"A"
"1623","USGS","01036390",2014-11-21,0.6,"A"
"1624","USGS","01036390",2014-11-22,0,"A"
"1625","USGS","01036390",2014-11-23,0.3,"A"
"1626","USGS","01036390",2014-11-24,1.3,"A"
"1627","USGS","01036390",2014-11-25,3,"A"
"1628","USGS","01036390",2014-11-26,2.9,"A"
"1629","USGS","01036390",2014-11-27,1.1,"A"
"1630","USGS","01036390",2014-11-28,0.3,"A"
"1631","USGS","01036390",2014-11-29,0.2,"A"
"1632","USGS","01036390",2014-11-30,0.2,"A"
"1633","USGS","01036390",2014-12-01,0.8,"A"
"1634","USGS","01036390",2014-12-02,0.4,"A"
"1635","USGS","01036390",2014-12-03,0,"A"
"1636","USGS","01036390",2014-12-04,0.1,"A"
"1637","USGS","01036390",2014-12-05,0,"A"
"1638","USGS","01036390",2014-12-06,0.1,"A"
"1639","USGS","01036390",2014-12-07,0,"A"
"1640","USGS","01036390",2014-12-08,0,"A"
"1641","USGS","01036390",2014-12-09,0,"A"
"1642","USGS","01036390",2014-12-10,0.2,"A"
"1643","USGS","01036390",2014-12-11,0.2,"A"
"1644","USGS","01036390",2014-12-12,0.2,"A"
"1645","USGS","01036390",2014-12-13,0.2,"A"
"1646","USGS","01036390",2014-12-14,0.3,"A"
"1647","USGS","01036390",2014-12-15,0.2,"A"
"1648","USGS","01036390",2014-12-16,0.3,"A"
"1649","USGS","01036390",2014-12-17,0.5,"A"
"1650","USGS","01036390",2014-12-18,0.4,"A"
"1651","USGS","01036390",2014-12-19,0.2,"A"
"1652","USGS","01036390",2014-12-20,0,"A"
"1653","USGS","01036390",2014-12-21,0,"A"
"1654","USGS","01036390",2014-12-22,0.2,"A"
"1655","USGS","01036390",2014-12-23,0.4,"A"
"1656","USGS","01036390",2014-12-24,0.6,"A"
"1657","USGS","01036390",2014-12-25,1.2,"A"
"1658","USGS","01036390",2014-12-26,1.1,"A"
"1659","USGS","01036390",2014-12-27,1,"A"
"1660","USGS","01036390",2014-12-28,1.1,"A"
"1661","USGS","01036390",2014-12-29,0.9,"A"
"1662","USGS","01036390",2014-12-30,0.1,"A"
"1663","USGS","01036390",2014-12-31,0,"A"
"1664","USGS","01036390",2015-01-01,0,"A"
"1665","USGS","01036390",2015-01-02,0,"A"
"1666","USGS","01036390",2015-01-03,0,"A"
"1667","USGS","01036390",2015-01-04,0,"A"
"1668","USGS","01036390",2015-01-05,0,"A"
"1669","USGS","01036390",2015-01-06,0,"A"
"1670","USGS","01036390",2015-01-07,0,"A"
"1671","USGS","01036390",2015-01-08,0,"A"
"1672","USGS","01036390",2015-01-09,0,"A"
"1673","USGS","01036390",2015-01-10,0,"A"
"1674","USGS","01036390",2015-01-11,0,"A"
"1675","USGS","01036390",2015-01-12,0,"A"
"1676","USGS","01036390",2015-01-13,0,"A"
"1677","USGS","01036390",2015-01-14,0,"A"
"1678","USGS","01036390",2015-01-15,0,"A"
"1679","USGS","01036390",2015-01-16,0,"A"
"1680","USGS","01036390",2015-01-17,0,"A"
"1681","USGS","01036390",2015-01-18,0,"A"
"1682","USGS","01036390",2015-01-19,0,"A"
"1683","USGS","01036390",2015-01-20,0,"A"
"1684","USGS","01036390",2015-01-21,0,"A"
"1685","USGS","01036390",2015-01-22,0,"A"
"1686","USGS","01036390",2015-01-23,0,"A"
"1687","USGS","01036390",2015-01-24,0,"A"
"1688","USGS","01036390",2015-01-25,0,"A"
"1689","USGS","01036390",2015-01-26,0,"A"
"1690","USGS","01036390",2015-01-27,0,"A"
"1691","USGS","01036390",2015-01-28,0,"A"
"1692","USGS","01036390",2015-01-29,0,"A"
"1693","USGS","01036390",2015-01-30,0,"A"
"1694","USGS","01036390",2015-01-31,0,"A"
"1695","USGS","01036390",2015-02-01,0,"A"
"1696","USGS","01036390",2015-02-02,0,"A"
"1697","USGS","01036390",2015-02-03,0,"A"
"1698","USGS","01036390",2015-02-04,0,"A"
"1699","USGS","01036390",2015-02-05,0,"A"
"1700","USGS","01036390",2015-02-06,0,"A"
"1701","USGS","01036390",2015-02-07,0,"A"
"1702","USGS","01036390",2015-02-08,0,"A"
"1703","USGS","01036390",2015-02-09,0,"A"
"1704","USGS","01036390",2015-02-10,0,"A"
"1705","USGS","01036390",2015-02-11,0,"A"
"1706","USGS","01036390",2015-02-12,0,"A"
"1707","USGS","01036390",2015-02-13,0,"A"
"1708","USGS","01036390",2015-02-14,0,"A"
"1709","USGS","01036390",2015-02-15,0,"A"
"1710","USGS","01036390",2015-02-16,0,"A"
"1711","USGS","01036390",2015-02-17,0,"A"
"1712","USGS","01036390",2015-02-18,0,"A"
"1713","USGS","01036390",2015-02-19,0,"A"
"1714","USGS","01036390",2015-02-20,0,"A"
"1715","USGS","01036390",2015-02-21,0,"A"
"1716","USGS","01036390",2015-02-22,0,"A"
"1717","USGS","01036390",2015-02-23,0,"A"
"1718","USGS","01036390",2015-02-24,0,"A"
"1719","USGS","01036390",2015-02-25,0,"A"
"1720","USGS","01036390",2015-02-26,0,"A"
"1721","USGS","01036390",2015-02-27,0,"A"
"1722","USGS","01036390",2015-02-28,0,"A"
"1723","USGS","01036390",2015-03-01,0,"A"
"1724","USGS","01036390",2015-03-02,0,"A"
"1725","USGS","01036390",2015-03-03,0,"A"
"1726","USGS","01036390",2015-03-04,0,"A"
"1727","USGS","01036390",2015-03-05,0,"A"
"1728","USGS","01036390",2015-03-06,0,"A"
"1729","USGS","01036390",2015-03-07,0,"A"
"1730","USGS","01036390",2015-03-08,0,"A"
"1731","USGS","01036390",2015-03-09,0,"A"
"1732","USGS","01036390",2015-03-10,0,"A"
"1733","USGS","01036390",2015-03-11,0,"A"
"1734","USGS","01036390",2015-03-12,0,"A"
"1735","USGS","01036390",2015-03-13,0,"A"
"1736","USGS","01036390",2015-03-14,0,"A"
"1737","USGS","01036390",2015-03-15,0,"A"
"1738","USGS","01036390",2015-03-16,0,"A"
"1739","USGS","01036390",2015-03-17,0,"A"
"1740","USGS","01036390",2015-03-18,0,"A"
"1741","USGS","01036390",2015-03-19,0,"A"
"1742","USGS","01036390",2015-03-20,0,"A"
"1743","USGS","01036390",2015-03-21,0,"A"
"1744","USGS","01036390",2015-03-22,0,"A"
"1745","USGS","01036390",2015-03-23,0,"A"
"1746","USGS","01036390",2015-03-24,0,"A"
"1747","USGS","01036390",2015-03-25,0,"A"
"1748","USGS","01036390",2015-03-26,0,"A"
"1749","USGS","01036390",2015-03-27,0.2,"A"
"1750","USGS","01036390",2015-03-28,0.1,"A"
"1751","USGS","01036390",2015-03-29,0,"A"
"1752","USGS","01036390",2015-03-30,0,"A"
"1753","USGS","01036390",2015-03-31,0.1,"A"
"1754","USGS","01036390",2015-04-01,0,"A"
"1755","USGS","01036390",2015-04-02,0,"A"
"1756","USGS","01036390",2015-04-03,0.1,"A"
"1757","USGS","01036390",2015-04-04,0,"A"
"1758","USGS","01036390",2015-04-05,0,"A"
"1759","USGS","01036390",2015-04-06,0,"A"
"1760","USGS","01036390",2015-04-07,0,"A"
"1761","USGS","01036390",2015-04-08,0.1,"A"
"1762","USGS","01036390",2015-04-09,0,"A"
"1763","USGS","01036390",2015-04-10,0.1,"A"
"1764","USGS","01036390",2015-04-11,0.2,"A"
"1765","USGS","01036390",2015-04-12,0.2,"A"
"1766","USGS","01036390",2015-04-13,0.2,"A"
"1767","USGS","01036390",2015-04-14,0.2,"A"
"1768","USGS","01036390",2015-04-15,0.2,"A"
"1769","USGS","01036390",2015-04-16,1.1,"A"
"1770","USGS","01036390",2015-04-17,2.6,"A"
"1771","USGS","01036390",2015-04-18,3.2,"A"
"1772","USGS","01036390",2015-04-19,3.6,"A"
"1773","USGS","01036390",2015-04-20,4.2,"A"
"1774","USGS","01036390",2015-04-21,4.5,"A"
"1775","USGS","01036390",2015-04-22,4.6,"A"
"1776","USGS","01036390",2015-04-23,4.9,"A"
"1777","USGS","01036390",2015-04-24,5.2,"A"
"1778","USGS","01036390",2015-04-25,5.2,"A"
"1779","USGS","01036390",2015-04-26,5.4,"A"
"1780","USGS","01036390",2015-04-27,5.7,"A"
"1781","USGS","01036390",2015-04-28,6.1,"A"
"1782","USGS","01036390",2015-04-29,6.7,"A"
"1783","USGS","01036390",2015-04-30,7.2,"A"
"1784","USGS","01036390",2015-05-01,7.8,"A"
"1785","USGS","01036390",2015-05-02,8.9,"A"
"1786","USGS","01036390",2015-05-03,10.1,"A"
"1787","USGS","01036390",2015-05-04,11.5,"A"
"1788","USGS","01036390",2015-05-05,12.7,"A"
"1789","USGS","01036390",2015-05-06,13.4,"A"
"1790","USGS","01036390",2015-05-07,14.2,"A"
"1791","USGS","01036390",2015-05-08,14.5,"A"
"1792","USGS","01036390",2015-05-09,14.1,"A"
"1793","USGS","01036390",2015-05-10,14.5,"A"
"1794","USGS","01036390",2015-05-11,14.6,"A"
"1795","USGS","01036390",2015-05-12,14,"A"
"1796","USGS","01036390",2015-05-13,13.2,"A"
"1797","USGS","01036390",2015-05-14,13.5,"A"
"1798","USGS","01036390",2015-05-15,14.5,"A"
"1799","USGS","01036390",2015-05-16,14.7,"A"
"1800","USGS","01036390",2015-05-17,15,"A"
"1801","USGS","01036390",2015-05-18,15.8,"A"
"1802","USGS","01036390",2015-05-19,15.3,"A"
"1803","USGS","01036390",2015-05-20,15.3,"A"
"1804","USGS","01036390",2015-05-21,14.9,"A"
"1805","USGS","01036390",2015-05-22,15,"A"
"1806","USGS","01036390",2015-05-23,14.4,"A"
"1807","USGS","01036390",2015-05-24,14.2,"A"
"1808","USGS","01036390",2015-05-25,15.3,"A"
"1809","USGS","01036390",2015-05-26,16.8,"A"
"1810","USGS","01036390",2015-05-27,18.3,"A"
"1811","USGS","01036390",2015-05-28,19.7,"A"
"1812","USGS","01036390",2015-05-29,20.5,"A"
"1813","USGS","01036390",2015-05-30,21,"A"
"1814","USGS","01036390",2015-05-31,20.5,"A"
"1815","USGS","01036390",2015-06-01,18.8,"A"
"1816","USGS","01036390",2015-06-02,17,"A"
"1817","USGS","01036390",2015-06-03,15.8,"A"
"1818","USGS","01036390",2015-06-04,15.7,"A"
"1819","USGS","01036390",2015-06-05,16.2,"A"
"1820","USGS","01036390",2015-06-06,16.7,"A"
"1821","USGS","01036390",2015-06-07,17.1,"A"
"1822","USGS","01036390",2015-06-08,16.8,"A"
"1823","USGS","01036390",2015-06-09,16.3,"A"
"1824","USGS","01036390",2015-06-10,17.4,"A"
"1825","USGS","01036390",2015-06-11,19,"A"
"1826","USGS","01036390",2015-06-12,19.9,"A"
"1827","USGS","01036390",2015-06-13,20.2,"A"
"1828","USGS","01036390",2015-06-14,20.7,"A"
"1829","USGS","01036390",2015-06-15,20.8,"A"
"1830","USGS","01036390",2015-06-16,20,"A"
"1831","USGS","01036390",2015-06-17,19.8,"A"
"1832","USGS","01036390",2015-06-18,20.3,"A"
"1833","USGS","01036390",2015-06-19,20.3,"A"
"1834","USGS","01036390",2015-06-20,20.4,"A"
"1835","USGS","01036390",2015-06-21,19.4,"A"
"1836","USGS","01036390",2015-06-22,19,"A"
"1837","USGS","01036390",2015-06-23,18.7,"A"
"1838","USGS","01036390",2015-06-24,18.6,"A"
"1839","USGS","01036390",2015-06-25,19.2,"A"
"1840","USGS","01036390",2015-06-26,19.8,"A"
"1841","USGS","01036390",2015-06-27,20.5,"A"
"1842","USGS","01036390",2015-06-28,20,"A"
"1843","USGS","01036390",2015-06-29,19.1,"A"
"1844","USGS","01036390",2015-06-30,19.7,"A"
"1845","USGS","01036390",2015-07-01,20.1,"A"
"1846","USGS","01036390",2015-07-02,20.3,"A"
"1847","USGS","01036390",2015-07-03,20.7,"A"
"1848","USGS","01036390",2015-07-04,21,"A"
"1849","USGS","01036390",2015-07-05,21.4,"A"
"1850","USGS","01036390",2015-07-06,22.4,"A"
"1851","USGS","01036390",2015-07-07,23.2,"A"
"1852","USGS","01036390",2015-07-08,23.6,"A"
"1853","USGS","01036390",2015-07-09,23.4,"A"
"1854","USGS","01036390",2015-07-10,23.8,"A"
"1855","USGS","01036390",2015-07-11,24.5,"A"
"1856","USGS","01036390",2015-07-12,25.2,"A"
"1857","USGS","01036390",2015-07-13,25.5,"A"
"1858","USGS","01036390",2015-07-14,25.3,"A"
"1859","USGS","01036390",2015-07-15,24.6,"A"
"1860","USGS","01036390",2015-07-16,23.5,"A"
"1861","USGS","01036390",2015-07-17,23.2,"A"
"1862","USGS","01036390",2015-07-18,22.4,"A"
"1863","USGS","01036390",2015-07-19,22.5,"A"
"1864","USGS","01036390",2015-07-20,22.7,"A"
"1865","USGS","01036390",2015-07-21,22.9,"A"
"1866","USGS","01036390",2015-07-22,23.3,"A"
"1867","USGS","01036390",2015-07-23,23,"A"
"1868","USGS","01036390",2015-07-24,22.6,"A"
"1869","USGS","01036390",2015-07-25,22.1,"A"
"1870","USGS","01036390",2015-07-26,21.2,"A"
"1871","USGS","01036390",2015-07-27,21.2,"A"
"1872","USGS","01036390",2015-07-28,22.2,"A"
"1873","USGS","01036390",2015-07-29,23.5,"A"
"1874","USGS","01036390",2015-07-30,24.7,"A"
"1875","USGS","01036390",2015-07-31,25.4,"A"
"1876","USGS","01036390",2015-08-01,25.4,"A"
"1877","USGS","01036390",2015-08-02,24.9,"A"
"1878","USGS","01036390",2015-08-03,24.8,"A"
"1879","USGS","01036390",2015-08-04,24.7,"A"
"1880","USGS","01036390",2015-08-05,24.4,"A"
"1881","USGS","01036390",2015-08-06,24,"A"
"1882","USGS","01036390",2015-08-07,23.8,"A"
"1883","USGS","01036390",2015-08-08,24.1,"A"
"1884","USGS","01036390",2015-08-09,24,"A"
"1885","USGS","01036390",2015-08-10,23.9,"A"
"1886","USGS","01036390",2015-08-11,23.2,"A"
"1887","USGS","01036390",2015-08-12,22.8,"A"
"1888","USGS","01036390",2015-08-13,22.9,"A"
"1889","USGS","01036390",2015-08-14,23.6,"A"
"1890","USGS","01036390",2015-08-15,24,"A"
"1891","USGS","01036390",2015-08-16,24.6,"A"
"1892","USGS","01036390",2015-08-17,25.5,"A"
"1893","USGS","01036390",2015-08-18,26.3,"A"
"1894","USGS","01036390",2015-08-19,26.7,"A"
"1895","USGS","01036390",2015-08-20,26.5,"A"
"1896","USGS","01036390",2015-08-21,26,"A"
"1897","USGS","01036390",2015-08-22,25.3,"A"
"1898","USGS","01036390",2015-08-23,25.1,"A"
"1899","USGS","01036390",2015-08-24,25,"A"
"1900","USGS","01036390",2015-08-25,24.9,"A"
"1901","USGS","01036390",2015-08-26,24.3,"A"
"1902","USGS","01036390",2015-08-27,23.7,"A"
"1903","USGS","01036390",2015-08-28,22.6,"A"
"1904","USGS","01036390",2015-08-29,22.4,"A"
"1905","USGS","01036390",2015-08-30,22.5,"A"
"1906","USGS","01036390",2015-08-31,22.7,"A"
"1907","USGS","01036390",2015-09-01,22.7,"A"
"1908","USGS","01036390",2015-09-02,22.9,"A"
"1909","USGS","01036390",2015-09-03,23.5,"A"
"1910","USGS","01036390",2015-09-04,23.1,"A"
"1911","USGS","01036390",2015-09-05,22.7,"A"
"1912","USGS","01036390",2015-09-06,23.1,"A"
"1913","USGS","01036390",2015-09-07,23.5,"A"
"1914","USGS","01036390",2015-09-08,24.4,"A"
"1915","USGS","01036390",2015-09-09,24.7,"A"
"1916","USGS","01036390",2015-09-10,24.5,"A"
"1917","USGS","01036390",2015-09-11,22.9,"A"
"1918","USGS","01036390",2015-09-12,21.5,"A"
"1919","USGS","01036390",2015-09-13,21.3,"A"
"1920","USGS","01036390",2015-09-14,21,"A"
"1921","USGS","01036390",2015-09-15,21.3,"A"
"1922","USGS","01036390",2015-09-16,21.7,"A"
"1923","USGS","01036390",2015-09-17,22.3,"A"
"1924","USGS","01036390",2015-09-18,22.7,"A"
"1925","USGS","01036390",2015-09-19,22.7,"A"
"1926","USGS","01036390",2015-09-20,22.1,"A"
"1927","USGS","01036390",2015-09-21,20.9,"A"
"1928","USGS","01036390",2015-09-22,20,"A"
"1929","USGS","01036390",2015-09-23,19.8,"A"
"1930","USGS","01036390",2015-09-24,19.7,"A"
"1931","USGS","01036390",2015-09-25,18.6,"A"
"1932","USGS","01036390",2015-09-26,17.7,"A"
"1933","USGS","01036390",2015-09-27,17,"A"
"1934","USGS","01036390",2015-09-28,17.3,"A"
"1935","USGS","01036390",2015-09-29,18.1,"A"
