"","id","date","tmax","tmin"
"1","USC00273488",2013-09-01,27.2,17.8
"2","USC00273488",2013-09-02,28.3,18.9
"3","USC00273488",2013-09-03,20.6,16.1
"4","USC00273488",2013-09-04,23.3,15.6
"5","USC00273488",2013-09-05,23.9,11.1
"6","USC00273488",2013-09-06,17.8,1.1
"7","USC00273488",2013-09-07,18.9,2.2
"8","USC00273488",2013-09-08,24.4,8.3
"9","USC00273488",2013-09-09,15,0.6
"10","USC00273488",2013-09-10,19.4,3.3
"11","USC00273488",2013-09-11,17.2,8.9
"12","USC00273488",2013-09-12,32.2,15
"13","USC00273488",2013-09-13,26.1,16.7
"14","USC00273488",2013-09-14,17.8,11.1
"15","USC00273488",2013-09-15,15.6,4.4
"16","USC00273488",2013-09-16,19.4,5.6
"17","USC00273488",2013-09-17,13.9,-1.7
"18","USC00273488",2013-09-18,17.8,-0.6
"19","USC00273488",2013-09-19,21.1,0.6
"20","USC00273488",2013-09-20,25,2.8
"21","USC00273488",2013-09-21,24.4,5
"22","USC00273488",2013-09-22,21.7,6.7
"23","USC00273488",2013-09-23,18.3,6.1
"24","USC00273488",2013-09-24,8.9,6.7
"25","USC00273488",2013-09-25,12.2,4.4
"26","USC00273488",2013-09-26,13.3,3.9
"27","USC00273488",2013-09-27,17.8,5
"28","USC00273488",2013-09-28,21.1,2.8
"29","USC00273488",2013-09-29,23.3,3.3
"30","USC00273488",2013-09-30,21.7,2.8
"31","USC00273488",2013-10-01,23.3,2.2
"32","USC00273488",2013-10-02,24.4,4.4
"33","USC00273488",2013-10-03,23.3,5.6
"34","USC00273488",2013-10-04,22.2,2.8
"35","USC00273488",2013-10-05,21.1,3.3
"36","USC00273488",2013-10-06,18.9,5.6
"37","USC00273488",2013-10-07,11.7,7.2
"38","USC00273488",2013-10-08,20,8.9
"39","USC00273488",2013-10-09,14.4,-2.2
"40","USC00273488",2013-10-10,17.8,-1.7
"41","USC00273488",2013-10-11,21.1,-1.1
"42","USC00273488",2013-10-12,23.3,1.1
"43","USC00273488",2013-10-13,16.1,1.7
"44","USC00273488",2013-10-14,13.9,7.2
"45","USC00273488",2013-10-15,16.7,7.8
"46","USC00273488",2013-10-16,18.9,8.3
"47","USC00273488",2013-10-17,15.6,7.2
"48","USC00273488",2013-10-18,19.4,5
"49","USC00273488",2013-10-19,16.1,5
"50","USC00273488",2013-10-20,18.3,3.9
"51","USC00273488",2013-10-21,13.3,1.7
"52","USC00273488",2013-10-22,17.2,1.7
"53","USC00273488",2013-10-23,14.4,-1.7
"54","USC00273488",2013-10-24,10.6,-1.1
"55","USC00273488",2013-10-25,7.2,-0.6
"56","USC00273488",2013-10-26,5.6,-4.4
"57","USC00273488",2013-10-27,7.2,-3.9
"58","USC00273488",2013-10-28,8.9,-2.2
"59","USC00273488",2013-10-29,9.4,-8.9
"60","USC00273488",2013-10-30,7.2,-9.4
"61","USC00273488",2013-10-31,5.6,-3.9
"62","USC00273488",2013-11-01,16.1,-2.8
"63","USC00273488",2013-11-02,20,7.2
"64","USC00273488",2013-11-03,15,-1.1
"65","USC00273488",2013-11-04,3.3,-9.4
"66","USC00273488",2013-11-05,5,-9.4
"67","USC00273488",2013-11-06,8.3,-7.2
"68","USC00273488",2013-11-07,12.8,-5
"69","USC00273488",2013-11-08,11.7,0.6
"70","USC00273488",2013-11-09,3.9,0.6
"71","USC00273488",2013-11-10,3.3,-0.6
"72","USC00273488",2013-11-11,5.6,0
"73","USC00273488",2013-11-12,3.9,-3.3
"74","USC00273488",2013-11-13,-2.2,-7.2
"75","USC00273488",2013-11-14,1.1,-7.2
"76","USC00273488",2013-11-15,5.6,-5
"77","USC00273488",2013-11-16,12.8,-3.9
"78","USC00273488",2013-11-17,15,-6.7
"79","USC00273488",2013-11-18,12.8,-4.4
"80","USC00273488",2013-11-19,15,-0.6
"81","USC00273488",2013-11-20,0,-5
"82","USC00273488",2013-11-21,2.8,-11.1
"83","USC00273488",2013-11-22,5.6,-10.6
"84","USC00273488",2013-11-23,5,-1.1
"85","USC00273488",2013-11-24,0,-8.9
"86","USC00273488",2013-11-25,-8.3,-12.8
"87","USC00273488",2013-11-26,-5,-12.2
"88","USC00273488",2013-11-27,3.3,-5
"89","USC00273488",2013-11-28,8.9,-6.1
"90","USC00273488",2013-11-29,-5.6,-10.6
"91","USC00273488",2013-11-30,-5,-18.3
"92","USC00273488",2013-12-01,-1.7,-18.3
"93","USC00273488",2013-12-02,0.6,-4.4
"94","USC00273488",2013-12-03,2.2,-1.1
"95","USC00273488",2013-12-04,3.3,-2.2
"96","USC00273488",2013-12-05,3.3,-7.2
"97","USC00273488",2013-12-06,6.7,-1.1
"98","USC00273488",2013-12-07,4.4,-1.7
"99","USC00273488",2013-12-08,-1.7,-8.3
"100","USC00273488",2013-12-09,-3.9,-9.4
"101","USC00273488",2013-12-10,2.2,-7.2
"102","USC00273488",2013-12-11,0.6,-12.8
"103","USC00273488",2013-12-12,-3.3,-14.4
"104","USC00273488",2013-12-13,-8.9,-17.2
"105","USC00273488",2013-12-14,-8.9,-22.8
"106","USC00273488",2013-12-15,-11.1,-22.2
"107","USC00273488",2013-12-16,-5,-13.3
"108","USC00273488",2013-12-17,-9.4,-28.9
"109","USC00273488",2013-12-18,-11.1,-28.9
"110","USC00273488",2013-12-19,-2.8,-13.3
"111","USC00273488",2013-12-20,1.7,-5
"112","USC00273488",2013-12-21,3.3,-0.6
"113","USC00273488",2013-12-22,2.8,0
"114","USC00273488",2013-12-23,0,-3.3
"115","USC00273488",2013-12-24,1.1,-5.6
"116","USC00273488",2013-12-25,-4.4,-17.2
"117","USC00273488",2013-12-26,-8.9,-17.2
"118","USC00273488",2013-12-27,-3.3,-11.1
"119","USC00273488",2013-12-28,-1.7,-8.9
"120","USC00273488",2013-12-29,3.3,-7.2
"121","USC00273488",2013-12-30,3.3,-2.2
"122","USC00273488",2013-12-31,1.1,-21.7
"123","USC00273488",2014-01-01,-10.6,-20.6
"124","USC00273488",2014-01-02,-9.4,-18.9
"125","USC00273488",2014-01-03,-15.6,-20.6
"126","USC00273488",2014-01-04,-17.2,-29.4
"127","USC00273488",2014-01-05,-10.6,-26.1
"128","USC00273488",2014-01-06,1.7,-16.1
"129","USC00273488",2014-01-07,11.1,-12.2
"130","USC00273488",2014-01-08,-12.2,-16.1
"131","USC00273488",2014-01-09,-7.8,-16.7
"132","USC00273488",2014-01-10,-6.1,-22.8
"133","USC00273488",2014-01-11,-3.9,-21.1
"134","USC00273488",2014-01-12,8.9,-3.9
"135","USC00273488",2014-01-13,4.4,-2.2
"136","USC00273488",2014-01-14,5.6,-2.2
"137","USC00273488",2014-01-15,4.4,-2.2
"138","USC00273488",2014-01-16,6.7,-3.9
"139","USC00273488",2014-01-17,0,-1.7
"140","USC00273488",2014-01-18,5,-7.8
"141","USC00273488",2014-01-19,2.2,-6.7
"142","USC00273488",2014-01-20,-1.1,-4.4
"143","USC00273488",2014-01-21,-0.6,-21.1
"144","USC00273488",2014-01-22,-13.3,-23.3
"145","USC00273488",2014-01-23,-11.7,-22.8
"146","USC00273488",2014-01-24,-12.2,-22.8
"147","USC00273488",2014-01-25,-11.7,-21.7
"148","USC00273488",2014-01-26,-3.9,-17.2
"149","USC00273488",2014-01-27,-7.8,-18.3
"150","USC00273488",2014-01-28,3.3,-23.3
"151","USC00273488",2014-01-29,-10,-23.3
"152","USC00273488",2014-01-30,-6.1,-22.8
"153","USC00273488",2014-01-31,-2.8,-13.9
"154","USC00273488",2014-02-01,1.7,-10
"155","USC00273488",2014-02-02,2.8,-12.2
"156","USC00273488",2014-02-03,3.9,-6.1
"157","USC00273488",2014-02-04,0,-17.8
"158","USC00273488",2014-02-05,-1.7,-17.8
"159","USC00273488",2014-02-06,-7.2,-17.2
"160","USC00273488",2014-02-07,-6.1,-21.7
"161","USC00273488",2014-02-08,-5.6,-21.7
"162","USC00273488",2014-02-09,-5.6,-15.6
"163","USC00273488",2014-02-10,-2.2,-14.4
"164","USC00273488",2014-02-11,-6.7,-16.7
"165","USC00273488",2014-02-12,-8.9,-26.1
"166","USC00273488",2014-02-13,0.6,-25.6
"167","USC00273488",2014-02-14,-3.3,-18.9
"168","USC00273488",2014-02-15,-1.7,-6.7
"169","USC00273488",2014-02-16,-0.6,-8.3
"170","USC00273488",2014-02-17,-6.7,-16.1
"171","USC00273488",2014-02-18,-6.7,-27.2
"172","USC00273488",2014-02-19,-4.4,-23.9
"173","USC00273488",2014-02-20,1.7,-13.9
"174","USC00273488",2014-02-21,5.6,0
"175","USC00273488",2014-02-22,3.3,-3.9
"176","USC00273488",2014-02-23,7.8,-3.9
"177","USC00273488",2014-02-24,7.2,-4.4
"178","USC00273488",2014-02-25,-3.3,-12.8
"179","USC00273488",2014-02-26,-8.3,-21.1
"180","USC00273488",2014-02-27,-6.1,-22.2
"181","USC00273488",2014-02-28,-6.1,-18.9
"182","USC00273488",2014-03-01,-9.4,-26.1
"183","USC00273488",2014-03-02,-1.1,-25.6
"184","USC00273488",2014-03-03,-4.4,-21.1
"185","USC00273488",2014-03-04,-8.3,-23.3
"186","USC00273488",2014-03-05,-5,-22.8
"187","USC00273488",2014-03-06,-6.7,-28.3
"188","USC00273488",2014-03-07,-0.6,-28.3
"189","USC00273488",2014-03-08,4.4,-24.4
"190","USC00273488",2014-03-09,6.1,-13.3
"191","USC00273488",2014-03-10,-1.1,-12.2
"192","USC00273488",2014-03-11,1.1,-8.3
"193","USC00273488",2014-03-12,5,-5
"194","USC00273488",2014-03-13,0.6,-11.1
"195","USC00273488",2014-03-14,-10.6,-20.6
"196","USC00273488",2014-03-15,0,-21.1
"197","USC00273488",2014-03-16,7.8,-10
"198","USC00273488",2014-03-17,-8.9,-22.2
"199","USC00273488",2014-03-18,-5,-24.4
"200","USC00273488",2014-03-19,3.9,-23.9
"201","USC00273488",2014-03-20,3.3,-17.2
"202","USC00273488",2014-03-21,4.4,-2.2
"203","USC00273488",2014-03-22,0,-11.7
"204","USC00273488",2014-03-23,3.3,-10.6
"205","USC00273488",2014-03-24,-1.1,-20
"206","USC00273488",2014-03-25,-5,-25
"207","USC00273488",2014-03-26,0,-25
"208","USC00273488",2014-03-27,-1.1,-12.2
"209","USC00273488",2014-03-28,1.7,-11.7
"210","USC00273488",2014-03-29,7.2,-2.8
"211","USC00273488",2014-03-30,10.6,0
"212","USC00273488",2014-03-31,2.2,-1.1
"213","USC00273488",2014-04-01,2.2,-2.8
"214","USC00273488",2014-04-02,12.2,-4.4
"215","USC00273488",2014-04-03,10,-6.1
"216","USC00273488",2014-04-04,5.6,-8.3
"217","USC00273488",2014-04-05,7.2,-7.8
"218","USC00273488",2014-04-06,8.3,-0.6
"219","USC00273488",2014-04-07,7.8,-3.9
"220","USC00273488",2014-04-08,15.6,-3.9
"221","USC00273488",2014-04-09,10,3.3
"222","USC00273488",2014-04-10,6.7,-4.4
"223","USC00273488",2014-04-11,15.6,-2.8
"224","USC00273488",2014-04-12,17.2,-2.8
"225","USC00273488",2014-04-13,16.1,-2.2
"226","USC00273488",2014-04-14,6.7,0.6
"227","USC00273488",2014-04-15,23.9,1.1
"228","USC00273488",2014-04-16,18.3,-6.1
"229","USC00273488",2014-04-17,-0.6,-10
"230","USC00273488",2014-04-18,7.2,-8.3
"231","USC00273488",2014-04-19,10,-3.9
"232","USC00273488",2014-04-20,8.3,-6.7
"233","USC00273488",2014-04-21,15.6,-3.3
"234","USC00273488",2014-04-22,23.3,2.2
"235","USC00273488",2014-04-23,19.4,6.7
"236","USC00273488",2014-04-24,8.9,2.2
"237","USC00273488",2014-04-25,7.8,-3.3
"238","USC00273488",2014-04-26,16.1,-0.6
"239","USC00273488",2014-04-27,6.7,2.2
"240","USC00273488",2014-04-28,10.6,2.2
"241","USC00273488",2014-04-29,11.1,3.3
"242","USC00273488",2014-04-30,12.8,2.8
"243","USC00273488",2014-05-01,7.8,2.2
"244","USC00273488",2014-05-02,20,1.1
"245","USC00273488",2014-05-03,14.4,2.8
"246","USC00273488",2014-05-04,18.3,5
"247","USC00273488",2014-05-05,10.6,6.1
"248","USC00273488",2014-05-06,11.7,5.6
"249","USC00273488",2014-05-07,12.2,-2.2
"250","USC00273488",2014-05-08,18.3,-2.8
"251","USC00273488",2014-05-09,21.1,1.1
"252","USC00273488",2014-05-10,12.2,7.8
"253","USC00273488",2014-05-11,26.1,11.1
"254","USC00273488",2014-05-12,21.1,3.3
"255","USC00273488",2014-05-13,25,8.3
"256","USC00273488",2014-05-14,18.3,7.8
"257","USC00273488",2014-05-15,23.3,7.8
"258","USC00273488",2014-05-16,23.9,7.8
"259","USC00273488",2014-05-17,22.2,13.3
"260","USC00273488",2014-05-18,21.7,5
"261","USC00273488",2014-05-19,18.3,1.1
"262","USC00273488",2014-05-20,11.1,3.3
"263","USC00273488",2014-05-21,17.8,4.4
"264","USC00273488",2014-05-22,21.7,8.3
"265","USC00273488",2014-05-23,19.4,11.1
"266","USC00273488",2014-05-24,13.3,10.6
"267","USC00273488",2014-05-25,18.9,8.9
"268","USC00273488",2014-05-26,23.9,10
"269","USC00273488",2014-05-27,21.1,12.2
"270","USC00273488",2014-05-28,14.4,7.2
"271","USC00273488",2014-05-29,13.9,2.2
"272","USC00273488",2014-05-30,21.7,3.3
"273","USC00273488",2014-05-31,20.6,7.2
"274","USC00273488",2014-06-01,20.6,1.1
"275","USC00273488",2014-06-02,25.6,5
"276","USC00273488",2014-06-03,29.4,8.3
"277","USC00273488",2014-06-04,27.8,12.8
"278","USC00273488",2014-06-05,16.7,11.1
"279","USC00273488",2014-06-06,18.3,12.2
"280","USC00273488",2014-06-07,19.4,11.1
"281","USC00273488",2014-06-08,26.1,8.9
"282","USC00273488",2014-06-09,29.4,11.7
"283","USC00273488",2014-06-10,30,13.9
"284","USC00273488",2014-06-11,22.2,7.8
"285","USC00273488",2014-06-12,23.9,8.3
"286","USC00273488",2014-06-13,15.6,11.1
"287","USC00273488",2014-06-14,15,12.2
"288","USC00273488",2014-06-15,19.4,9.4
"289","USC00273488",2014-06-16,21.7,5
"290","USC00273488",2014-06-17,26.1,10
"291","USC00273488",2014-06-18,28.3,15.6
"292","USC00273488",2014-06-19,23.9,10
"293","USC00273488",2014-06-20,22.8,6.7
"294","USC00273488",2014-06-21,18.3,2.8
"295","USC00273488",2014-06-22,20,2.2
"296","USC00273488",2014-06-23,23.3,5
"297","USC00273488",2014-06-24,26.7,9.4
"298","USC00273488",2014-06-25,23.9,14.4
"299","USC00273488",2014-06-26,25,16.7
"300","USC00273488",2014-06-27,21.1,9.4
"301","USC00273488",2014-06-28,27.8,7.2
"302","USC00273488",2014-06-29,28.9,8.3
"303","USC00273488",2014-06-30,30,11.7
"304","USC00273488",2014-07-01,30.6,15
"305","USC00273488",2014-07-02,32.8,18.9
"306","USC00273488",2014-07-03,34.4,17.8
"307","USC00273488",2014-07-04,30,17.8
"308","USC00273488",2014-07-05,20.6,12.2
"309","USC00273488",2014-07-06,23.3,12.8
"310","USC00273488",2014-07-07,27.2,9.4
"311","USC00273488",2014-07-08,26.7,13.3
"312","USC00273488",2014-07-09,29.4,16.1
"313","USC00273488",2014-07-10,26.7,16.1
"314","USC00273488",2014-07-11,23.9,6.7
"315","USC00273488",2014-07-12,26.1,6.7
"316","USC00273488",2014-07-13,28.3,11.1
"317","USC00273488",2014-07-14,29.4,16.7
"318","USC00273488",2014-07-15,28.3,16.1
"319","USC00273488",2014-07-16,25.6,16.7
"320","USC00273488",2014-07-17,23.3,12.8
"321","USC00273488",2014-07-18,23.3,7.8
"322","USC00273488",2014-07-19,25,7.8
"323","USC00273488",2014-07-20,25.6,10.6
"324","USC00273488",2014-07-21,23.3,10.6
"325","USC00273488",2014-07-22,28.3,11.7
"326","USC00273488",2014-07-23,30,14.4
"327","USC00273488",2014-07-24,31.7,16.1
"328","USC00273488",2014-07-25,23.3,7.2
"329","USC00273488",2014-07-26,24.4,9.4
"330","USC00273488",2014-07-27,25,10.6
"331","USC00273488",2014-07-28,24.4,12.8
"332","USC00273488",2014-07-29,20,13.9
"333","USC00273488",2014-07-30,21.7,10
"334","USC00273488",2014-07-31,21.7,7.2
"335","USC00273488",2014-08-01,21.1,10
"336","USC00273488",2014-08-02,27.2,10.6
"337","USC00273488",2014-08-03,25,11.7
"338","USC00273488",2014-08-04,26.1,13.3
"339","USC00273488",2014-08-05,26.7,11.7
"340","USC00273488",2014-08-06,27.2,13.9
"341","USC00273488",2014-08-07,23.3,8.3
"342","USC00273488",2014-08-08,19.4,10
"343","USC00273488",2014-08-09,25,10
"344","USC00273488",2014-08-10,27.8,8.3
"345","USC00273488",2014-08-11,27.8,10.6
"346","USC00273488",2014-08-12,29.4,12.2
"347","USC00273488",2014-08-13,23.9,16.7
"348","USC00273488",2014-08-14,18.9,14.4
"349","USC00273488",2014-08-15,20,6.7
"350","USC00273488",2014-08-16,18.3,8.3
"351","USC00273488",2014-08-17,20,12.8
"352","USC00273488",2014-08-18,18.9,12.8
"353","USC00273488",2014-08-19,18.9,5.6
"354","USC00273488",2014-08-20,25,6.7
"355","USC00273488",2014-08-21,26.1,8.9
"356","USC00273488",2014-08-22,24.4,12.2
"357","USC00273488",2014-08-23,20,14.4
"358","USC00273488",2014-08-24,24.4,8.3
"359","USC00273488",2014-08-25,28.9,10
"360","USC00273488",2014-08-26,30.6,10
"361","USC00273488",2014-08-27,28.9,11.1
"362","USC00273488",2014-08-28,28.3,11.1
"363","USC00273488",2014-08-29,22.2,11.1
"364","USC00273488",2014-08-30,25,7.2
"365","USC00273488",2014-08-31,25.6,11.1
"366","USC00273488",2014-09-01,26.1,14.4
"367","USC00273488",2014-09-02,28.9,12.2
"368","USC00273488",2014-09-03,30,12.2
"369","USC00273488",2014-09-04,24.4,8.3
"370","USC00273488",2014-09-05,27.2,8.9
"371","USC00273488",2014-09-06,31.1,13.3
"372","USC00273488",2014-09-07,29.4,8.3
"373","USC00273488",2014-09-08,21.7,4.4
"374","USC00273488",2014-09-09,23.3,6.1
"375","USC00273488",2014-09-10,20.6,3.9
"376","USC00273488",2014-09-11,22.2,5
"377","USC00273488",2014-09-12,21.1,9.4
"378","USC00273488",2014-09-13,15,0.6
"379","USC00273488",2014-09-14,11.7,2.8
"380","USC00273488",2014-09-15,12.2,-2.8
"381","USC00273488",2014-09-16,17.2,-0.6
"382","USC00273488",2014-09-17,15.6,3.9
"383","USC00273488",2014-09-18,19.4,2.8
"384","USC00273488",2014-09-19,15.6,-3.3
"385","USC00273488",2014-09-20,14.4,-3.3
"386","USC00273488",2014-09-21,14.4,0
"387","USC00273488",2014-09-22,25,9.4
"388","USC00273488",2014-09-23,16.7,6.1
"389","USC00273488",2014-09-24,16.7,1.1
"390","USC00273488",2014-09-25,20,1.1
"391","USC00273488",2014-09-26,22.2,3.3
"392","USC00273488",2014-09-27,25,5
"393","USC00273488",2014-09-28,26.7,7.2
"394","USC00273488",2014-09-29,28.9,8.9
"395","USC00273488",2014-09-30,21.7,9.4
"396","USC00273488",2014-10-01,18.9,11.1
"397","USC00273488",2014-10-02,15.6,11.1
"398","USC00273488",2014-10-03,21.1,2.8
"399","USC00273488",2014-10-04,19.4,3.3
"400","USC00273488",2014-10-05,15,8.3
"401","USC00273488",2014-10-06,15.6,-1.7
"402","USC00273488",2014-10-07,17.8,-1.1
"403","USC00273488",2014-10-08,16.7,9.4
"404","USC00273488",2014-10-09,20,2.2
"405","USC00273488",2014-10-10,12.8,2.2
"406","USC00273488",2014-10-11,12.8,1.1
"407","USC00273488",2014-10-12,13.3,-2.2
"408","USC00273488",2014-10-13,13.3,-4.4
"409","USC00273488",2014-10-14,17.8,-4.4
"410","USC00273488",2014-10-15,26.7,3.9
"411","USC00273488",2014-10-16,27.2,10.6
"412","USC00273488",2014-10-17,22.8,13.9
"413","USC00273488",2014-10-18,20,6.1
"414","USC00273488",2014-10-19,15.6,4.4
"415","USC00273488",2014-10-20,6.7,1.7
"416","USC00273488",2014-10-21,11.1,1.1
"417","USC00273488",2014-10-22,9.4,3.3
"418","USC00273488",2014-10-23,10.6,6.7
"419","USC00273488",2014-10-24,8.3,6.7
"420","USC00273488",2014-10-25,8.3,2.8
"421","USC00273488",2014-10-26,15.6,2.8
"422","USC00273488",2014-10-27,9.4,5
"423","USC00273488",2014-10-28,8.3,4.4
"424","USC00273488",2014-10-29,10,5.6
"425","USC00273488",2014-10-30,12.8,1.1
"426","USC00273488",2014-10-31,9.4,1.7
"427","USC00273488",2014-11-01,10.6,2.2
"428","USC00273488",2014-11-02,2.8,0.6
"429","USC00273488",2014-11-03,2.2,-2.2
"430","USC00273488",2014-11-04,7.8,-2.2
"431","USC00273488",2014-11-05,9.4,1.1
"432","USC00273488",2014-11-06,13.9,0
"433","USC00273488",2014-11-07,8.9,0.6
"434","USC00273488",2014-11-08,3.3,-1.7
"435","USC00273488",2014-11-09,2.8,-1.7
"436","USC00273488",2014-11-10,10,-5
"437","USC00273488",2014-11-11,10.6,-3.9
"438","USC00273488",2014-11-12,15,-4.4
"439","USC00273488",2014-11-13,14.4,-2.8
"440","USC00273488",2014-11-14,3.9,-1.7
"441","USC00273488",2014-11-15,2.2,-4.4
"442","USC00273488",2014-11-16,0.6,-9.4
"443","USC00273488",2014-11-17,1.7,-7.2
"444","USC00273488",2014-11-18,2.8,-1.7
"445","USC00273488",2014-11-19,1.1,-7.2
"446","USC00273488",2014-11-20,-1.7,-12.8
"447","USC00273488",2014-11-21,1.7,-10
"448","USC00273488",2014-11-22,-4.4,-10
"449","USC00273488",2014-11-23,6.1,-7.8
"450","USC00273488",2014-11-24,10,-1.1
"451","USC00273488",2014-11-25,20,6.1
"452","USC00273488",2014-11-26,12.2,1.7
"453","USC00273488",2014-11-27,2.2,-2.8
"454","USC00273488",2014-11-28,-1.7,-7.2
"455","USC00273488",2014-11-29,-3.3,-13.9
"456","USC00273488",2014-11-30,-2.2,-14.4
"457","USC00273488",2014-12-01,2.8,-3.9
"458","USC00273488",2014-12-02,8.9,-9.4
"459","USC00273488",2014-12-03,-1.1,-10
"460","USC00273488",2014-12-04,5,-2.2
"461","USC00273488",2014-12-05,5,-18.3
"462","USC00273488",2014-12-06,-1.1,-17.8
"463","USC00273488",2014-12-07,1.1,-6.1
"464","USC00273488",2014-12-08,-6.1,-22.8
"465","USC00273488",2014-12-09,-3.3,-22.2
"466","USC00273488",2014-12-10,0.6,-3.9
"467","USC00273488",2014-12-11,1.1,0
"468","USC00273488",2014-12-12,2.8,-1.1
"469","USC00273488",2014-12-13,1.1,-2.8
"470","USC00273488",2014-12-14,-0.6,-2.8
"471","USC00273488",2014-12-15,0.6,-2.2
"472","USC00273488",2014-12-16,-1.1,-6.1
"473","USC00273488",2014-12-17,2.2,-3.9
"474","USC00273488",2014-12-18,2.2,0
"475","USC00273488",2014-12-19,1.1,-2.8
"476","USC00273488",2014-12-20,-2.2,-16.1
"477","USC00273488",2014-12-21,-2.8,-16.1
"478","USC00273488",2014-12-22,-3.3,-10.6
"479","USC00273488",2014-12-23,0.6,-7.2
"480","USC00273488",2014-12-24,2.2,0
"481","USC00273488",2014-12-25,4.4,1.7
"482","USC00273488",2014-12-26,8.9,2.8
"483","USC00273488",2014-12-27,5,0.6
"484","USC00273488",2014-12-28,6.1,0.6
"485","USC00273488",2014-12-29,7.2,-2.2
"486","USC00273488",2014-12-30,-1.1,-11.1
"487","USC00273488",2014-12-31,-7.8,-16.1
"488","USC00273488",2015-01-01,-8.3,-15.6
"489","USC00273488",2015-01-02,-2.2,-13.9
"490","USC00273488",2015-01-03,-3.3,-14.4
"491","USC00273488",2015-01-04,-0.6,-14.4
"492","USC00273488",2015-01-05,7.2,-1.7
"493","USC00273488",2015-01-06,-1.7,-17.8
"494","USC00273488",2015-01-07,-10.6,-18.3
"495","USC00273488",2015-01-08,-8.9,-26.1
"496","USC00273488",2015-01-09,-10,-25.6
"497","USC00273488",2015-01-10,-3.9,-16.1
"498","USC00273488",2015-01-11,-7.8,-16.7
"499","USC00273488",2015-01-12,-6.1,-17.8
"500","USC00273488",2015-01-13,-1.7,-18.9
"501","USC00273488",2015-01-14,-11.7,-28.9
"502","USC00273488",2015-01-15,-8.3,-28.9
"503","USC00273488",2015-01-16,-3.9,-23.9
"504","USC00273488",2015-01-17,-1.7,-20.6
"505","USC00273488",2015-01-18,-10.6,-21.7
"506","USC00273488",2015-01-19,6.7,-16.7
"507","USC00273488",2015-01-20,3.3,-9.4
"508","USC00273488",2015-01-21,-5,-15
"509","USC00273488",2015-01-22,-2.2,-16.7
"510","USC00273488",2015-01-23,0.6,-17.2
"511","USC00273488",2015-01-24,-0.6,-11.7
"512","USC00273488",2015-01-25,-0.6,-9.4
"513","USC00273488",2015-01-26,-1.1,-21.7
"514","USC00273488",2015-01-27,-5.6,-21.7
"515","USC00273488",2015-01-28,-10.6,-13.9
"516","USC00273488",2015-01-29,-7.2,-27.8
"517","USC00273488",2015-01-30,0,-27.8
"518","USC00273488",2015-01-31,-1.7,-18.3
"519","USC00273488",2015-02-01,-11.7,-19.4
"520","USC00273488",2015-02-02,-11.1,-23.3
"521","USC00273488",2015-02-03,-15.6,-19.4
"522","USC00273488",2015-02-04,-10.6,-23.3
"523","USC00273488",2015-02-05,-2.8,-18.3
"524","USC00273488",2015-02-06,-7.2,-24.4
"525","USC00273488",2015-02-07,-8.9,-23.3
"526","USC00273488",2015-02-08,-6.1,-12.2
"527","USC00273488",2015-02-09,-12.2,-15
"528","USC00273488",2015-02-10,-10.6,-13.9
"529","USC00273488",2015-02-11,-2.2,-25.6
"530","USC00273488",2015-02-12,-4.4,-25.6
"531","USC00273488",2015-02-13,-3.9,-19.4
"532","USC00273488",2015-02-14,-16.1,-23.3
"533","USC00273488",2015-02-15,-12.8,-23.3
"534","USC00273488",2015-02-16,-11.7,-22.8
"535","USC00273488",2015-02-17,-12.2,-27.2
"536","USC00273488",2015-02-18,-6.1,-26.7
"537","USC00273488",2015-02-19,-0.6,-26.1
"538","USC00273488",2015-02-20,-3.9,-19.4
"539","USC00273488",2015-02-21,-11.7,-25.6
"540","USC00273488",2015-02-22,-3.9,-25.6
"541","USC00273488",2015-02-23,0.6,-12.8
"542","USC00273488",2015-02-24,-12.8,-26.7
"543","USC00273488",2015-02-25,-10,-26.1
"544","USC00273488",2015-02-26,-2.2,-18.3
"545","USC00273488",2015-02-27,-7.8,-21.1
"546","USC00273488",2015-02-28,-7.2,-22.2
"547","USC00273488",2015-03-01,-3.3,-25
"548","USC00273488",2015-03-02,-1.1,-21.7
"549","USC00273488",2015-03-03,-3.9,-14.4
"550","USC00273488",2015-03-04,1.1,-11.7
"551","USC00273488",2015-03-05,5,-6.7
"552","USC00273488",2015-03-06,-6.7,-24.4
"553","USC00273488",2015-03-07,-3.9,-23.3
"554","USC00273488",2015-03-08,0,-14.4
"555","USC00273488",2015-03-09,0.6,-14.4
"556","USC00273488",2015-03-10,2.8,-7.8
"557","USC00273488",2015-03-11,11.7,-2.2
"558","USC00273488",2015-03-12,8.9,-5
"559","USC00273488",2015-03-13,-3.9,-14.4
"560","USC00273488",2015-03-14,1.1,-10
"561","USC00273488",2015-03-15,1.1,-2.2
"562","USC00273488",2015-03-16,-1.7,-16.7
"563","USC00273488",2015-03-17,4.4,-16.7
"564","USC00273488",2015-03-18,2.8,-11.7
"565","USC00273488",2015-03-19,-7.8,-12.8
"566","USC00273488",2015-03-20,-5,-17.2
"567","USC00273488",2015-03-21,3.3,-17.2
"568","USC00273488",2015-03-22,5,-12.8
"569","USC00273488",2015-03-23,-9.4,-15.6
"570","USC00273488",2015-03-24,-5,-19.4
"571","USC00273488",2015-03-25,5,-19.4
"572","USC00273488",2015-03-26,9.4,-11.1
"573","USC00273488",2015-03-27,13.3,0.6
"574","USC00273488",2015-03-28,6.1,-2.2
"575","USC00273488",2015-03-29,2.2,-11.1
"576","USC00273488",2015-03-30,3.9,-10.6
"577","USC00273488",2015-03-31,2.8,-2.8
"578","USC00273488",2015-04-01,4.4,-10.6
"579","USC00273488",2015-04-02,2.2,-8.9
"580","USC00273488",2015-04-03,10.6,-8.3
"581","USC00273488",2015-04-04,18.3,1.1
"582","USC00273488",2015-04-05,3.3,-7.2
"583","USC00273488",2015-04-06,3.3,-5
"584","USC00273488",2015-04-07,2.8,-4.4
"585","USC00273488",2015-04-08,8.3,-8.9
"586","USC00273488",2015-04-09,4.4,-7.8
"587","USC00273488",2015-04-10,2.2,-2.8
"588","USC00273488",2015-04-11,10,1.1
"589","USC00273488",2015-04-12,5.6,-2.8
"590","USC00273488",2015-04-13,16.7,-3.9
"591","USC00273488",2015-04-14,21.1,-2.2
"592","USC00273488",2015-04-15,15,-2.8
"593","USC00273488",2015-04-16,13.9,-5
"594","USC00273488",2015-04-17,18.9,-2.2
"595","USC00273488",2015-04-18,16.7,-1.7
"596","USC00273488",2015-04-19,15.6,0.6
"597","USC00273488",2015-04-20,14.4,-1.7
"598","USC00273488",2015-04-21,7.8,2.8
"599","USC00273488",2015-04-22,14.4,-1.7
"600","USC00273488",2015-04-23,15,0
"601","USC00273488",2015-04-24,5,-1.1
"602","USC00273488",2015-04-25,2.8,-0.6
"603","USC00273488",2015-04-26,5,0
"604","USC00273488",2015-04-27,10.6,3.3
"605","USC00273488",2015-04-28,10,3.3
"606","USC00273488",2015-04-29,13.3,5
"607","USC00273488",2015-04-30,14.4,2.2
"608","USC00273488",2015-05-01,16.1,1.7
"609","USC00273488",2015-05-02,16.7,-1.1
"610","USC00273488",2015-05-03,22.2,-0.6
"611","USC00273488",2015-05-04,23.9,1.1
"612","USC00273488",2015-05-05,27.8,5.6
"613","USC00273488",2015-05-06,21.1,1.7
"614","USC00273488",2015-05-07,23.9,2.8
"615","USC00273488",2015-05-08,27.8,4.4
"616","USC00273488",2015-05-09,23.3,4.4
"617","USC00273488",2015-05-10,23.9,7.8
"618","USC00273488",2015-05-11,27.8,13.9
"619","USC00273488",2015-05-12,17.2,10
"620","USC00273488",2015-05-13,24.4,7.8
"621","USC00273488",2015-05-14,14.4,-1.7
"622","USC00273488",2015-05-15,19.4,-1.7
"623","USC00273488",2015-05-16,22.8,6.1
"624","USC00273488",2015-05-17,19.4,11.1
"625","USC00273488",2015-05-18,26.7,11.7
"626","USC00273488",2015-05-19,18.9,9.4
"627","USC00273488",2015-05-20,23.9,9.4
"628","USC00273488",2015-05-21,11.7,0
"629","USC00273488",2015-05-22,20,5.6
"630","USC00273488",2015-05-23,17.8,1.1
"631","USC00273488",2015-05-24,16.1,1.1
"632","USC00273488",2015-05-25,25,6.7
"633","USC00273488",2015-05-26,24.4,13.3
"634","USC00273488",2015-05-27,29.4,13.3
"635","USC00273488",2015-05-28,31.1,12.8
"636","USC00273488",2015-05-29,27.8,12.8
"637","USC00273488",2015-05-30,27.8,12.8
"638","USC00273488",2015-05-31,31.1,13.9
"639","USC00273488",2015-06-01,13.9,6.7
"640","USC00273488",2015-06-02,8.9,5.6
"641","USC00273488",2015-06-03,11.1,4.4
"642","USC00273488",2015-06-04,17.2,3.3
"643","USC00273488",2015-06-05,21.1,6.1
"644","USC00273488",2015-06-06,21.7,8.9
"645","USC00273488",2015-06-07,18.9,0
"646","USC00273488",2015-06-08,22.2,4.4
"647","USC00273488",2015-06-09,20.6,13.3
"648","USC00273488",2015-06-10,21.1,13.9
"649","USC00273488",2015-06-11,25,14.4
"650","USC00273488",2015-06-12,26.1,12.2
"651","USC00273488",2015-06-13,25,13.9
"652","USC00273488",2015-06-14,25.6,8.9
"653","USC00273488",2015-06-15,26.1,11.1
"654","USC00273488",2015-06-16,17.2,12.2
"655","USC00273488",2015-06-17,19.4,7.2
"656","USC00273488",2015-06-18,24.4,6.7
"657","USC00273488",2015-06-19,25.6,10
"658","USC00273488",2015-06-20,21.1,2.2
"659","USC00273488",2015-06-21,25.6,6.7
"660","USC00273488",2015-06-22,22.8,14.4
"661","USC00273488",2015-06-23,25,10.6
"662","USC00273488",2015-06-24,20,15
"663","USC00273488",2015-06-25,23.9,10
"664","USC00273488",2015-06-26,22.8,10.6
"665","USC00273488",2015-06-27,23.9,5.6
"666","USC00273488",2015-06-28,23.3,10
"667","USC00273488",2015-06-29,12.8,9.4
"668","USC00273488",2015-06-30,20.6,11.1
"669","USC00273488",2015-07-01,26.7,14.4
"670","USC00273488",2015-07-02,18.9,13.3
"671","USC00273488",2015-07-03,21.1,3.9
"672","USC00273488",2015-07-04,23.9,6.1
"673","USC00273488",2015-07-05,21.7,9.4
"674","USC00273488",2015-07-06,25,9.4
"675","USC00273488",2015-07-07,28.9,10.6
"676","USC00273488",2015-07-08,28.3,14.4
"677","USC00273488",2015-07-09,23.3,7.8
"678","USC00273488",2015-07-10,22.8,11.1
"679","USC00273488",2015-07-11,26.7,8.9
"680","USC00273488",2015-07-12,27.8,12.8
"681","USC00273488",2015-07-13,28.9,14.4
"682","USC00273488",2015-07-14,27.8,12.2
"683","USC00273488",2015-07-15,25.6,15
"684","USC00273488",2015-07-16,20.6,4.4
"685","USC00273488",2015-07-17,23.3,3.9
"686","USC00273488",2015-07-18,25,8.3
"687","USC00273488",2015-07-19,23.9,16.7
"688","USC00273488",2015-07-20,30,17.2
"689","USC00273488",2015-07-21,28.3,12.2
"690","USC00273488",2015-07-22,29.4,13.3
"691","USC00273488",2015-07-23,22.8,14.4
"692","USC00273488",2015-07-24,21.7,11.1
"693","USC00273488",2015-07-25,21.1,10.6
"694","USC00273488",2015-07-26,22.8,15
"695","USC00273488",2015-07-27,20.6,15
"696","USC00273488",2015-07-28,28.3,15
"697","USC00273488",2015-07-29,29.4,14.4
"698","USC00273488",2015-07-30,30.6,16.1
"699","USC00273488",2015-07-31,30.6,12.8
"700","USC00273488",2015-08-01,26.1,10
"701","USC00273488",2015-08-02,25.6,10
"702","USC00273488",2015-08-03,26.7,10.6
"703","USC00273488",2015-08-04,30.6,12.8
"704","USC00273488",2015-08-05,27.2,11.7
"705","USC00273488",2015-08-06,23.9,12.2
"706","USC00273488",2015-08-07,22.2,7.8
"707","USC00273488",2015-08-08,22.8,6.1
"708","USC00273488",2015-08-09,25.6,7.2
"709","USC00273488",2015-08-10,24.4,12.2
"710","USC00273488",2015-08-11,26.7,12.8
"711","USC00273488",2015-08-12,19.4,16.1
"712","USC00273488",2015-08-13,25,12.2
"713","USC00273488",2015-08-14,23.3,8.3
"714","USC00273488",2015-08-15,28.3,10.6
"715","USC00273488",2015-08-16,28.9,15.6
"716","USC00273488",2015-08-17,30,12.8
"717","USC00273488",2015-08-18,30.6,14.4
"718","USC00273488",2015-08-19,31.7,15
"719","USC00273488",2015-08-20,30.6,14.4
"720","USC00273488",2015-08-21,27.8,16.1
"721","USC00273488",2015-08-22,25,13.3
"722","USC00273488",2015-08-23,27.8,9.4
"723","USC00273488",2015-08-24,25,10.6
"724","USC00273488",2015-08-25,27.8,16.1
"725","USC00273488",2015-08-26,24.4,16.7
"726","USC00273488",2015-08-27,24.4,12.2
"727","USC00273488",2015-08-28,22.2,8.9
"728","USC00273488",2015-08-29,23.3,6.7
"729","USC00273488",2015-08-30,25,8.3
"730","USC00273488",2015-08-31,26.1,11.1
"731","USC00273488",2015-09-01,26.1,11.7
"732","USC00273488",2015-09-02,27.8,10
"733","USC00273488",2015-09-03,28.9,11.1
"734","USC00273488",2015-09-04,28.3,8.9
"735","USC00273488",2015-09-05,25,7.2
"736","USC00273488",2015-09-06,28.9,7.8
"737","USC00273488",2015-09-07,30,9.4
"738","USC00273488",2015-09-08,30.6,13.9
"739","USC00273488",2015-09-09,28.9,17.2
"740","USC00273488",2015-09-10,32.2,15.6
"741","USC00273488",2015-09-11,23.3,13.3
"742","USC00273488",2015-09-12,22.2,8.9
"743","USC00273488",2015-09-13,25.6,9.4
"744","USC00273488",2015-09-14,18.9,10
"745","USC00273488",2015-09-15,18.9,12.2
"746","USC00273488",2015-09-16,25,11.7
"747","USC00273488",2015-09-17,28.9,11.1
"748","USC00273488",2015-09-18,28.3,9.4
"749","USC00273488",2015-09-19,28.9,8.3
"750","USC00273488",2015-09-20,27.2,9.4
"751","USC00273488",2015-09-21,17.2,0
"752","USC00273488",2015-09-22,21.1,0
"753","USC00273488",2015-09-23,16.7,2.2
"754","USC00273488",2015-09-24,23.3,2.2
"755","USC00273488",2015-09-25,23.3,2.8
"756","USC00273488",2015-09-26,17.8,-1.1
"757","USC00273488",2015-09-27,17.8,-1.1
"758","USC00273488",2015-09-28,22.8,0.6
"759","USC00273488",2015-09-29,25,2.8
"760","USC00273488",2015-09-30,20.6,14.4
"761","USC00273488",2015-10-01,16.7,7.8
"762","USC00273488",2015-10-02,16.7,2.8
"763","USC00273488",2015-10-03,13.3,0
"764","USC00273488",2015-10-04,12.8,-2.2
"765","USC00273488",2015-10-05,13.9,-2.8
"766","USC00273488",2015-10-06,17.2,-1.7
"767","USC00273488",2015-10-07,16.1,2.8
"768","USC00273488",2015-10-08,17.8,-0.6
"769","USC00273488",2015-10-09,14.4,-0.6
"770","USC00273488",2015-10-10,10.6,2.8
"771","USC00273488",2015-10-11,10.6,-0.6
"772","USC00273488",2015-10-12,19.4,2.2
"773","USC00273488",2015-10-13,25.6,2.2
"774","USC00273488",2015-10-14,18.9,5.6
"775","USC00273488",2015-10-15,16.1,-0.6
"776","USC00273488",2015-10-16,15,-0.6
"777","USC00273488",2015-10-17,10.6,-2.2
"778","USC00273488",2015-10-18,8.3,-6.7
"779","USC00273488",2015-10-19,3.3,-6.7
"780","USC00273488",2015-10-20,6.7,-6.1
"781","USC00273488",2015-10-21,16.1,4.4
"782","USC00273488",2015-10-22,16.7,7.2
"783","USC00273488",2015-10-23,17.2,3.3
"784","USC00273488",2015-10-24,5.6,-6.7
"785","USC00273488",2015-10-25,9.4,-3.3
"786","USC00273488",2015-10-26,15,2.8
"787","USC00273488",2015-10-27,9.4,-6.7
"788","USC00273488",2015-10-28,11.1,-6.7
"789","USC00273488",2015-10-29,13.9,-6.1
"790","USC00273488",2015-10-30,20.6,4.4
"791","USC00273488",2015-10-31,7.2,-2.8
"792","USC00273488",2015-11-01,11.7,-2.8
"793","USC00273488",2015-11-02,12.2,5
"794","USC00273488",2015-11-03,12.8,0.6
"795","USC00273488",2015-11-04,16.7,1.1
"796","USC00273488",2015-11-05,17.2,-1.7
"797","USC00273488",2015-11-06,23.9,-0.6
"798","USC00273488",2015-11-07,22.8,7.2
"799","USC00273488",2015-11-08,11.1,2.2
"800","USC00273488",2015-11-09,7.8,-2.8
"801","USC00273488",2015-11-10,14.4,-5.6
"802","USC00273488",2015-11-11,14.4,-5.6
"803","USC00273488",2015-11-12,8.3,2.8
"804","USC00273488",2015-11-13,6.7,3.9
"805","USC00273488",2015-11-14,10.6,0.6
"806","USC00273488",2015-11-15,1.1,-1.1
"807","USC00273488",2015-11-16,7.8,-2.2
"808","USC00273488",2015-11-17,7.2,-8.3
"809","USC00273488",2015-11-18,7.8,-10.6
"810","USC00273488",2015-11-19,7.2,-10
"811","USC00273488",2015-11-20,10,4.4
"812","USC00273488",2015-11-21,9.4,-5.6
"813","USC00273488",2015-11-22,6.7,-5
"814","USC00273488",2015-11-23,6.7,-2.8
"815","USC00273488",2015-11-24,0.6,-8.9
"816","USC00273488",2015-11-25,-1.1,-8.3
"817","USC00273488",2015-11-26,6.1,-7.2
"818","USC00273488",2015-11-27,12.2,-7.2
"819","USC00273488",2015-11-28,16.1,-2.8
"820","USC00273488",2015-11-29,3.9,-8.9
"821","USC00273488",2015-11-30,0,-13.3
"822","USC00273488",2015-12-01,-0.6,-13.3
"823","USC00273488",2015-12-02,2.2,-12.8
"824","USC00273488",2015-12-03,3.3,0
"825","USC00273488",2015-12-04,3.9,1.1
"826","USC00273488",2015-12-05,4.4,1.1
"827","USC00273488",2015-12-06,7.2,-6.1
"828","USC00273488",2015-12-07,7.8,-6.1
"829","USC00273488",2015-12-08,9.4,-7.2
"830","USC00273488",2015-12-09,2.2,-7.2
"831","USC00273488",2015-12-10,5,-2.8
"832","USC00273488",2015-12-11,6.7,0
"833","USC00273488",2015-12-12,10,1.7
"834","USC00273488",2015-12-13,10,1.1
"835","USC00273488",2015-12-14,7.8,0.6
"836","USC00273488",2015-12-15,6.7,2.8
"837","USC00273488",2015-12-16,9.4,0.6
"838","USC00273488",2015-12-17,2.8,-5
"839","USC00273488",2015-12-18,7.2,1.7
"840","USC00273488",2015-12-19,6.7,-1.1
"841","USC00273488",2015-12-20,0.6,-5.6
"842","USC00273488",2015-12-21,-2.2,-10.6
"843","USC00273488",2015-12-22,2.8,-7.2
"844","USC00273488",2015-12-23,7.2,0.6
"845","USC00273488",2015-12-24,9.4,0.6
"846","USC00273488",2015-12-25,19.4,-2.2
"847","USC00273488",2015-12-26,13.9,-3.3
"848","USC00273488",2015-12-27,7.8,-3.9
"849","USC00273488",2015-12-28,2.8,-9.4
"850","USC00273488",2015-12-29,-6.7,-10.6
"851","USC00273488",2015-12-30,-7.2,-11.1
"852","USC00273488",2015-12-31,-1.1,-7.2
"853","USC00273488",2016-01-01,2.8,-3.9
"854","USC00273488",2016-01-02,1.7,-3.3
"855","USC00273488",2016-01-03,0.6,-3.3
"856","USC00273488",2016-01-04,1.7,-12.2
"857","USC00273488",2016-01-05,-9.4,-22.8
"858","USC00273488",2016-01-06,-7.8,-23.3
"859","USC00273488",2016-01-07,4.4,-13.9
"860","USC00273488",2016-01-08,5,-15.6
"861","USC00273488",2016-01-09,2.8,-16.1
"862","USC00273488",2016-01-10,2.2,-1.7
"863","USC00273488",2016-01-11,6.7,-1.7
"864","USC00273488",2016-01-12,-1.1,-15.6
"865","USC00273488",2016-01-13,-5,-15.6
"866","USC00273488",2016-01-14,-6.7,-18.3
"867","USC00273488",2016-01-15,-4.4,-16.7
"868","USC00273488",2016-01-16,-1.7,-14.4
"869","USC00273488",2016-01-17,1.1,-5
"870","USC00273488",2016-01-18,-2.2,-7.2
"871","USC00273488",2016-01-19,-5.6,-15.6
"872","USC00273488",2016-01-20,-7.8,-15.6
"873","USC00273488",2016-01-21,-6.7,-10.6
"874","USC00273488",2016-01-22,-7.2,-10.6
"875","USC00273488",2016-01-23,-4.4,-20.6
"876","USC00273488",2016-01-24,-5.6,-22.8
"877","USC00273488",2016-01-25,-6.1,-22.8
"878","USC00273488",2016-01-26,2.8,-9.4
"879","USC00273488",2016-01-27,8.9,-10
"880","USC00273488",2016-01-28,3.3,-13.9
"881","USC00273488",2016-01-29,1.1,-13.9
"882","USC00273488",2016-01-30,1.7,-5.6
"883","USC00273488",2016-01-31,1.7,-3.9
"884","USC00273488",2016-02-01,6.1,-3.3
"885","USC00273488",2016-02-02,13.3,-3.3
"886","USC00273488",2016-02-03,2.2,-6.1
"887","USC00273488",2016-02-04,5.6,-1.1
"888","USC00273488",2016-02-05,8.9,-1.1
"889","USC00273488",2016-02-06,0,-8.9
"890","USC00273488",2016-02-07,4.4,-7.8
"891","USC00273488",2016-02-08,3.3,-8.3
"892","USC00273488",2016-02-09,-5,-9.4
"893","USC00273488",2016-02-10,-1.7,-11.1
"894","USC00273488",2016-02-11,0,-10.6
"895","USC00273488",2016-02-12,-6.1,-19.4
"896","USC00273488",2016-02-13,-6.7,-20.6
"897","USC00273488",2016-02-14,-10.6,-27.2
"898","USC00273488",2016-02-15,-17.2,-27.2
"899","USC00273488",2016-02-16,-1.7,-25.6
"900","USC00273488",2016-02-17,10,-1.7
"901","USC00273488",2016-02-18,-0.6,-8.3
"902","USC00273488",2016-02-19,-2.8,-16.7
"903","USC00273488",2016-02-20,2.8,-16.7
"904","USC00273488",2016-02-21,9.4,0.6
"905","USC00273488",2016-02-22,4.4,-8.3
"906","USC00273488",2016-02-23,-1.7,-16.7
"907","USC00273488",2016-02-24,0,-16.7
"908","USC00273488",2016-02-25,4.4,-3.3
"909","USC00273488",2016-02-26,16.7,-6.1
"910","USC00273488",2016-02-27,-6.1,-11.7
"911","USC00273488",2016-02-28,2.8,-13.3
"912","USC00273488",2016-02-29,10,-1.1
"913","USC00273488",2016-03-01,8.3,-10.6
"914","USC00273488",2016-03-02,-1.1,-10
"915","USC00273488",2016-03-03,3.3,-15
"916","USC00273488",2016-03-04,-8.3,-20.6
"917","USC00273488",2016-03-05,-3.3,-19.4
"918","USC00273488",2016-03-06,1.1,-18.3
"919","USC00273488",2016-03-07,2.8,-11.7
"920","USC00273488",2016-03-08,3.3,-7.8
"921","USC00273488",2016-03-09,9.4,0
"922","USC00273488",2016-03-10,19.4,2.8
"923","USC00273488",2016-03-11,14.4,3.9
"924","USC00273488",2016-03-12,6.7,-3.9
"925","USC00273488",2016-03-13,15.6,1.7
"926","USC00273488",2016-03-14,12.8,-3.9
"927","USC00273488",2016-03-15,3.3,-1.7
"928","USC00273488",2016-03-16,4.4,0
"929","USC00273488",2016-03-17,15.6,1.7
"930","USC00273488",2016-03-18,13.9,0
"931","USC00273488",2016-03-19,3.3,-7.8
"932","USC00273488",2016-03-20,1.1,-12.2
"933","USC00273488",2016-03-21,5,-12.2
"934","USC00273488",2016-03-22,5,-5
"935","USC00273488",2016-03-23,5.6,-5
"936","USC00273488",2016-03-24,6.1,-4.4
"937","USC00273488",2016-03-25,-1.1,-4.4
"938","USC00273488",2016-03-26,3.9,-2.8
"939","USC00273488",2016-03-27,11.7,-2.8
"940","USC00273488",2016-03-28,7.2,-2.2
"941","USC00273488",2016-03-29,4.4,0.6
"942","USC00273488",2016-03-30,3.3,-2.2
"943","USC00273488",2016-03-31,12.8,-1.1
"944","USC00273488",2016-04-01,20,6.1
"945","USC00273488",2016-04-02,21.1,1.1
"946","USC00273488",2016-04-03,9.4,-3.9
"947","USC00273488",2016-04-04,-2.2,-12.2
"948","USC00273488",2016-04-05,-3.3,-15.6
"949","USC00273488",2016-04-06,-0.6,-14.4
"950","USC00273488",2016-04-07,5,-10
"951","USC00273488",2016-04-08,11.1,0
"952","USC00273488",2016-04-09,7.8,-5
"953","USC00273488",2016-04-10,3.9,-6.7
"954","USC00273488",2016-04-11,3.9,-6.7
"955","USC00273488",2016-04-12,7.2,-0.6
"956","USC00273488",2016-04-13,8.3,-2.2
"957","USC00273488",2016-04-14,10,-5
"958","USC00273488",2016-04-15,13.3,-6.7
"959","USC00273488",2016-04-16,15,-6.7
"960","USC00273488",2016-04-17,17.8,-3.3
"961","USC00273488",2016-04-18,24.4,-2.8
"962","USC00273488",2016-04-19,NA,NA
"963","USC00273488",2016-04-20,NA,NA
"964","USC00273488",2016-04-21,NA,NA
"965","USC00273488",2016-04-22,NA,NA
"966","USC00273488",2016-04-23,NA,NA
"967","USC00273488",2016-04-24,NA,NA
"968","USC00273488",2016-04-25,NA,NA
"969","USC00273488",2016-04-26,NA,NA
"970","USC00273488",2016-04-27,NA,NA
"971","USC00273488",2016-04-28,NA,NA
"972","USC00273488",2016-04-29,NA,NA
"973","USC00273488",2016-04-30,NA,NA
"974","USC00273488",2016-05-01,NA,NA
"975","USC00273488",2016-05-02,NA,NA
"976","USC00273488",2016-05-03,NA,NA
"977","USC00273488",2016-05-04,NA,NA
"978","USC00273488",2016-05-05,NA,NA
"979","USC00273488",2016-05-06,11.1,5
"980","USC00273488",2016-05-07,22.8,6.7
"981","USC00273488",2016-05-08,17.8,5.6
"982","USC00273488",2016-05-09,14.4,1.1
"983","USC00273488",2016-05-10,9.4,1.1
"984","USC00273488",2016-05-11,20,-1.1
"985","USC00273488",2016-05-12,21.7,0
"986","USC00273488",2016-05-13,27.8,2.8
"987","USC00273488",2016-05-14,22.2,6.7
"988","USC00273488",2016-05-15,24.4,9.4
"989","USC00273488",2016-05-16,11.7,1.1
"990","USC00273488",2016-05-17,6.7,NA
"991","USC00273488",2016-05-18,17.2,4.4
"992","USC00273488",2016-05-19,20,NA
"993","USC00273488",2016-05-20,16.7,1.7
"994","USC00273488",2016-05-21,23.3,2.2
"995","USC00273488",2016-05-22,25,8.3
"996","USC00273488",2016-05-23,22.8,5
"997","USC00273488",2016-05-24,27.2,8.9
"998","USC00273488",2016-05-25,21.1,8.9
"999","USC00273488",2016-05-26,28.3,8.9
"1000","USC00273488",2016-05-27,28.3,13.3
"1001","USC00273488",2016-05-28,25,13.3
"1002","USC00273488",2016-05-29,31.7,16.1
"1003","USC00273488",2016-05-30,18.9,11.1
"1004","USC00273488",2016-05-31,29.4,11.1
"1005","USC00273488",2016-06-01,26.7,8.3
"1006","USC00273488",2016-06-02,23.9,12.8
"1007","USC00273488",2016-06-03,22.2,11.7
"1008","USC00273488",2016-06-04,23.3,12.2
"1009","USC00273488",2016-06-05,26.7,8.3
"1010","USC00273488",2016-06-06,17.8,11.7
"1011","USC00273488",2016-06-07,25.6,7.8
"1012","USC00273488",2016-06-08,23.9,10.6
"1013","USC00273488",2016-06-09,17.2,6.7
"1014","USC00273488",2016-06-10,10.6,7.2
"1015","USC00273488",2016-06-11,13.3,2.2
"1016","USC00273488",2016-06-12,17.2,7.8
"1017","USC00273488",2016-06-13,17.2,7.8
"1018","USC00273488",2016-06-14,18.3,10
"1019","USC00273488",2016-06-15,21.1,7.8
"1020","USC00273488",2016-06-16,24.4,4.4
"1021","USC00273488",2016-06-17,26.7,2.8
"1022","USC00273488",2016-06-18,26.7,3.9
"1023","USC00273488",2016-06-19,28.3,6.1
"1024","USC00273488",2016-06-20,30,11.1
"1025","USC00273488",2016-06-21,32.8,16.1
"1026","USC00273488",2016-06-22,25,5
"1027","USC00273488",2016-06-23,18.9,6.1
"1028","USC00273488",2016-06-24,23.3,4.4
"1029","USC00273488",2016-06-25,25,5.6
"1030","USC00273488",2016-06-26,28.9,8.3
"1031","USC00273488",2016-06-27,30.6,11.1
"1032","USC00273488",2016-06-28,29.4,11.7
"1033","USC00273488",2016-06-29,28.9,15.6
"1034","USC00273488",2016-06-30,23.9,12.2
"1035","USC00273488",2016-07-01,25.6,9.4
"1036","USC00273488",2016-07-02,27.8,14.4
"1037","USC00273488",2016-07-03,20.6,7.8
"1038","USC00273488",2016-07-04,24.4,8.3
"1039","USC00273488",2016-07-05,27.2,8.3
"1040","USC00273488",2016-07-06,28.9,11.7
"1041","USC00273488",2016-07-07,30.6,12.2
"1042","USC00273488",2016-07-08,22.8,15
"1043","USC00273488",2016-07-09,22.2,13.3
"1044","USC00273488",2016-07-10,16.1,12.8
"1045","USC00273488",2016-07-11,17.2,12.8
"1046","USC00273488",2016-07-12,26.1,9.4
"1047","USC00273488",2016-07-13,28.9,11.1
"1048","USC00273488",2016-07-14,31.1,15.6
"1049","USC00273488",2016-07-15,29.4,16.1
"1050","USC00273488",2016-07-16,28.9,13.9
"1051","USC00273488",2016-07-17,25.6,14.4
"1052","USC00273488",2016-07-18,26.1,16.1
"1053","USC00273488",2016-07-19,28.3,14.4
"1054","USC00273488",2016-07-20,20.6,7.2
"1055","USC00273488",2016-07-21,23.9,8.9
"1056","USC00273488",2016-07-22,27.2,12.2
"1057","USC00273488",2016-07-23,30.6,16.7
"1058","USC00273488",2016-07-24,26.1,13.9
"1059","USC00273488",2016-07-25,25.6,11.1
"1060","USC00273488",2016-07-26,28.9,16.7
"1061","USC00273488",2016-07-27,27.2,12.2
"1062","USC00273488",2016-07-28,29.4,13.9
"1063","USC00273488",2016-07-29,30,15
"1064","USC00273488",2016-07-30,28.9,9.4
"1065","USC00273488",2016-07-31,27.2,10
"1066","USC00273488",2016-08-01,23.9,11.1
"1067","USC00273488",2016-08-02,22.2,13.3
"1068","USC00273488",2016-08-03,27.2,10
"1069","USC00273488",2016-08-04,29.4,9.4
"1070","USC00273488",2016-08-05,30,11.1
"1071","USC00273488",2016-08-06,31.7,13.9
"1072","USC00273488",2016-08-07,30,11.7
"1073","USC00273488",2016-08-08,25.6,8.3
"1074","USC00273488",2016-08-09,25.6,6.1
"1075","USC00273488",2016-08-10,27.2,8.9
"1076","USC00273488",2016-08-11,27.2,11.7
"1077","USC00273488",2016-08-12,31.7,16.7
"1078","USC00273488",2016-08-13,30.6,15.6
"1079","USC00273488",2016-08-14,17.8,15.6
"1080","USC00273488",2016-08-15,28.9,17.2
"1081","USC00273488",2016-08-16,26.1,8.9
"1082","USC00273488",2016-08-17,23.9,11.7
"1083","USC00273488",2016-08-18,22.8,11.7
"1084","USC00273488",2016-08-19,26.7,11.1
"1085","USC00273488",2016-08-20,27.8,8.9
"1086","USC00273488",2016-08-21,27.8,10
"1087","USC00273488",2016-08-22,26.7,NA
"1088","USC00273488",2016-08-23,NA,NA
"1089","USC00273488",2016-08-24,NA,NA
"1090","USC00273488",2016-08-25,NA,NA
"1091","USC00273488",2016-08-26,NA,NA
"1092","USC00273488",2016-08-27,NA,NA
"1093","USC00273488",2016-08-28,NA,NA
"1094","USC00273488",2016-08-29,NA,NA
"1095","USC00273488",2016-08-30,NA,NA
"1096","USC00273488",2016-08-31,24.4,12.8
"1097","USC00273488",2016-09-01,23.9,14.4
"1098","USC00273488",2016-09-02,24.4,8.3
"1099","USC00273488",2016-09-03,22.2,5
"1100","USC00273488",2016-09-04,23.9,5.6
"1101","USC00273488",2016-09-05,25,7.8
"1102","USC00273488",2016-09-06,27.2,10
"1103","USC00273488",2016-09-07,23.9,14.4
"1104","USC00273488",2016-09-08,NA,NA
"1105","USC00273488",2016-09-09,NA,NA
"1106","USC00273488",2016-09-10,NA,NA
"1107","USC00273488",2016-09-11,NA,NA
"1108","USC00273488",2016-09-12,NA,NA
"1109","USC00273488",2016-09-13,NA,NA
"1110","USC00273488",2016-09-14,NA,NA
"1111","USC00273488",2016-09-15,NA,NA
"1112","USC00273488",2016-09-16,NA,NA
"1113","USC00273488",2016-09-17,NA,NA
"1114","USC00273488",2016-09-18,NA,NA
"1115","USC00273488",2016-09-19,NA,NA
"1116","USC00273488",2016-09-20,NA,NA
"1117","USC00273488",2016-09-21,NA,NA
"1118","USC00273488",2016-09-22,NA,NA
"1119","USC00273488",2016-09-23,NA,NA
"1120","USC00273488",2016-09-24,NA,NA
"1121","USC00273488",2016-09-25,NA,NA
"1122","USC00273488",2016-09-26,NA,NA
"1123","USC00273488",2016-09-27,NA,NA
"1124","USC00273488",2016-09-28,NA,NA
"1125","USC00273488",2016-09-29,NA,NA
"1126","USC00273488",2016-09-30,NA,NA
